color,discountReason,extras,gpu_brand,gpu_mem,hdd,name,old_price,os,price,processor,ram,screenMate,screenResol,screenSize,ssd,url,weight
 камуфляж,,"' DVD Super Multi ', ' LAN ', ' Wi-Fi ', ' Bluetooth ', ' веб-камера '", nVidia GeForce GTX 1060, 3 ГБ , HDD 1 ТБ ,Ноутбук MSI GE62VR-7RF Camo Squad (GE62VR7RF-662UA) (K1704N0013222) - Уцінка,55999, Windows 10 ,38234, Intel Core i7-7700HQ (2.8 - 3.8 ГГц) , RAM 16 ГБ ,матовий,P,"15.6""", SSD 256 ГБ ,https://rozetka.com.ua/ua/30275943/p30275943/, 2.4 кг 
 чорний,,"' DVD+', '-RW ', ' LAN ', ' Wi-Fi ', ' Bluetooth ', ' веб-камера '", Intel HD Graphics 520 ,,,Ноутбук HP 250 G6 (1XN71EA) Dark Ash (CND7373Q8R) - Уцінка,16623, Windows 10 Pro 64bit ,12221, Intel Core i3-6006U (2.0 ГГц) , RAM 4 ГБ ,матовий,1366x768,"15.6""", SSD 128 ГБ ,https://rozetka.com.ua/ua/37111176/p37111176/, 1.86 кг 
 чорний,,"' без ОД ', ' LAN ', ' Wi-Fi ', ' Bluetooth ', ' веб-камера '", AMD Radeon RX 540, 2 ГБ , HDD 1 ТБ ,Ноутбук Acer Aspire 5 A515-41G (NH.GPYEU.001) Obsidian Black (NHGPYEU001804036883400) - Уцінка,13999, Linux ,12555, AMD A10-9620P (2.5 - 3.4 ГГц) , RAM 8 ГБ ,матовий,P,"15.6""",,https://rozetka.com.ua/ua/48616822/p48616822/, 2.2 кг 
 чорний,,"' без ОД ', ' LAN ', ' Wi-Fi ', ' Bluetooth ', ' веб-камера '", nVidia GeForce GTX 1050, 2 ГБ , HDD 1 ТБ ,Ноутбук Acer Aspire 7 A715-71G (NX.GP8EU.050) Obsidian Black (NXGP8EU05080305AA03400) - Уцінка,22419, Linux ,19065, Intel Core i5-7300HQ (2.5 - 3.5 ГГц) , RAM 8 ГБ ,матовий,1920x1080,"15.6""",,https://rozetka.com.ua/ua/48587606/p48587606/, 2.35 кг 
 чорний,,"' без ОД ', ' LAN ', ' Wi-Fi ', ' Bluetooth ', ' веб-камера '", nVidia GeForce GT 940MX, 2 ГБ , HDD 1 ТБ ,Ноутбук Lenovo IdeaPad 320-15IKB (80XL02R5RA) Onyx Black (SPF10XCZH) - Уцінка,15699, DOS ,14415, Intel Core i5-7200U (2.5 - 3.1 ГГц) , RAM 8 ГБ ,матовий,1920x1080,"15.6""",,https://rozetka.com.ua/ua/48615702/p48615702/, 2.2 кг 
 сріблястий,,"' без ОД ', ' Wi-Fi ', ' Bluetooth ', ' веб-камера '", Intel HD Graphics 520 ,,,Ноутбук Lenovo IdeaPad 710S Plus-13ISK (80VU004GRA) Silver (SMP19PM1G) - Уцінка,15699, Windows 10 Home ,13624, Intel Core i3-6006U (2.0 ГГц) , RAM 4 ГБ ,глянсовий,P,"13.3""", SSD 128 ГБ ,https://rozetka.com.ua/ua/48552198/p48552198/, 1.18 кг 
 сріблястий,,"' без ОД ', ' LAN ', ' Wi-Fi ', ' Bluetooth ', ' веб-камера '", nVidia GeForce 930MX, 2 ГБ ,,Ноутбук HP ProBook 450 G5 (1LU52AV_V12) (5CD8136J67) - Уцінка,27755, DOS ,22612, Intel Core i7-8550U (1.8 - 4.0 ГГц) , RAM 8 ГБ ,матовий,P,"15.6""", SSD 256 ГБ ,https://rozetka.com.ua/ua/48573574/p48573574/, 2.1 кг 
 темно-сірий,,"' DVD±RW ', ' LAN ', ' Wi-Fi ', ' Bluetooth ', ' веб-камера '", Intel HD Graphics 520 ,, HDD 500 ГБ ,Ноутбук HP 250 G6 (3QL43ES) Dark Ash (CND8104QZG) - Уцінка,13199, DOS ,10614, Intel Core i3-6006U (2.0 ГГц) , RAM 8 ГБ ,матовий,1920x1080,"15.6""",,https://rozetka.com.ua/ua/48574558/p48574558/, 1.86 кг 
 сірий металік ,,"' без ОД ', ' LAN ', ' Wi-Fi ', ' Bluetooth ', ' веб-камера '", nVidia GeForce GTX 1050, 4 ГБ , HDD 1 ТБ ,Ноутбук Asus VivoBook Pro 15 N580VD (N580VD-DM441T) Grey Metal (HAN0CV207985434) - Уцінка,27666, Windows 10 ,24959, Intel Core i5-7300HQ (2.5 - 3.5 ГГц) , RAM 8 ГБ ,матовий,1920x1080,"15.6""", SSD 128 ГБ ,https://rozetka.com.ua/ua/48920342/p48920342/, 1.99 кг 
 чорний,,"' без ОД ', ' LAN ', ' Wi-Fi ', ' Bluetooth ', ' веб-камера '", AMD Radeon RX 540, 2 ГБ , HDD 1 ТБ ,Ноутбук Acer Aspire 5 A515-41G (NH.GPYEU.001) Obsidian Black (NHGPYEU001804033EF3400) - Уцінка,13999, Linux ,12555, AMD A10-9620P (2.5 - 3.4 ГГц) , RAM 8 ГБ ,матовий,P,"15.6""",,https://rozetka.com.ua/ua/48616046/p48616046/, 2.2 кг 
 сріблястий,,"' без ОД ', ' LAN ', ' Wi- Fi ', ' Bluetooth ', ' веб-камера '", AMD Radeon 530, 4 ГБ , HDD 1 ТБ ,Ноутбук HP 15-bw564ur (2LD99EA) Silver (CND7291LZV) - Уцінка,13999, DOS ,11625, AMD Quad-Core A12-9720P (2.7 - 3.6 ГГц) , RAM 8 ГБ ,матовий,1920x1080,"15.6""",,https://rozetka.com.ua/ua/48561518/p48561518/, 2.1 кг 
сірий,,"'без ОД', 'Wi-Fi', 'Bluetooth', 'веб-камера'",Intel HD Graphics 505,,,Ноутбук Lenovo IdeaPad 120S-14IAP (81A500BMRA) Mineral Grey (SYD03HRDK) - Уцінка,9499,DOS,8277,Intel Pentium N4200 (1.1 - 2.5 ГГц),RAM 4 ГБ,матовий,1920x1080,"14.0""",,https://rozetka.com.ua/ua/48565494/p48565494/,1.44 кг
 чорний,,"' без ОД ', ' LAN ', ' Wi-Fi ', ' Bluetooth ', ' веб-камера '", AMD Radeon RX 540, 2 ГБ , HDD 1 ТБ ,Ноутбук Acer Aspire 5 A515-41G (NH.GPYEU.001) Obsidian Black (NHGPYEU0018040348A3400) - Уцінка,13999, Linux ,12555, AMD A10-9620P (2.5 - 3.4 ГГц) , RAM 8 ГБ ,матовий,P,"15.6""",,https://rozetka.com.ua/ua/48616742/p48616742/, 2.2 кг 
 чорний,,"' без ОД ', ' LAN ', ' Wi-Fi ', ' Bluetooth ', ' веб-камера '", Intel HD Graphics 620 ,,,Ноутбук Lenovo IdeaPad 320-15IKB (80XL02Q9RA) Onyx Black (SPF10WXLH) - Уцінка,17399, DOS ,14415, Intel Core i5-7200U (2.5 - 3.1 ГГц) , RAM 8 ГБ ,матовий,1920x1080,"15.6""", SSD 256 ГБ ,https://rozetka.com.ua/ua/48552286/p48552286/, 2.2 кг 
 чорний,,"' DVD Super Multi ', ' LAN ', ' Wi-Fi ', ' Bluetooth ', ' веб-камера '", Intel HD Graphics ,, HDD 500 ГБ ,Ноутбук HP 250 G4 (M9S89EA) (CND55097QX) - Уцінка,13299, DOS ,12090, Intel Core i5-5200U (2.2 - 2.7 ГГц) , RAM 4 ГБ ,матовий,1366x768,"15.6""",,https://rozetka.com.ua/ua/48607742/p48607742/, 2.15 кг 
сірий,,"'без ОД', 'Wi-Fi', 'Bluetooth', 'веб камера'",Intel UHD Graphics 620,,,Ноутбук ASUS VivoBook S14 S406UA-BM152T (90NB0FX2-M03480) Grey (HCN0CV05S946498) - Уцінка,35099,Windows 10,30326,Intel Core i7-8550U (1.8 - 4.0 ГГц),RAM 16 ГБ,матовий,1920x1080,"14.0""",,https://rozetka.com.ua/ua/48914254/p48914254/,1.2 кг
 чорний,,"' DVD±RW ', ' Wi-Fi ', ' Bluetooth ', ' веб-камера '", Intel HD Graphics 400 ,, HDD 500 ГБ ,Ноутбук Dell Inspiron 3552 (I35C4H5DIW-6B/I35C45DIW-60) Black (4CDC4L2) - Уцінка,7599, Windows 10 Home Ukr ,6762, Intel Celeron N3060 (1.6 - 2.48 ГГц) , RAM 4 ГБ ,глянсовий,1366x768,"15.6""",,https://rozetka.com.ua/ua/48551918/p48551918/, 2.14 кг 
 чорний,,"' без ОД ', ' LAN ', ' Wi-Fi ', ' Bluetooth ', ' веб-камера '", nVidia GeForce MX150, 4 ГБ , HDD 1 ТБ ,Ноутбук Lenovo IdeaPad 320-17IKB (81BJ003JRA) Onyx Black (SPF112T3Y) - Уцінка,21999, DOS ,20448, Intel Core i5-8250U (1.6 - 3.4 ГГц) , RAM 8 ГБ ,матовий,P,"17.3""", SSD 128 ГБ ,https://rozetka.com.ua/ua/48914262/p48914262/, 2.8 кг 
 сірий,,"' без ОД ', ' LAN ', ' Wi-Fi ', ' Bluetooth ', ' веб-камера '", nVidia GeForce MX150, 4 ГБ , HDD 1 ТБ ,Ноутбук Lenovo IdeaPad 320-17IKB (81BJ005MRA) Platinum Grey (SPF136EM8) - Уцінка,28525, DOS ,25056, Intel Core i7-8550U (1.8 - 4.0 ГГц) , RAM 16 ГБ ,матовий,P,"17.3""",,https://rozetka.com.ua/ua/48914270/p48914270/, 2.8 кг 
сірий металік,,"'без ОД', 'Wi-Fi', 'Bluetooth', 'веб-камера'",nVidia GeForce 930MX, 2 ГБ,,Ноутбук ASUS VivoBook Flip 14 TP410UR-EC121T (90NB0FZ1-M01600) Star Grey (HBN0CX35E04048H) - Уцінка,30631,Windows 10,28129,Intel Core i5-7200U (2.5 - 3.1 ГГц),RAM 12 ГБ,глянсовий,1920x1080,"14.0""", SSD 256 ГБ,https://rozetka.com.ua/ua/49251998/p49251998/,1.6 кг
 сірий,,"' без ОД ', ' LAN ', ' Wi-Fi ', ' Bluetooth ', ' веб-камера '", nVidia GeForce GT 940MX, 4 ГБ , HDD 1 ТБ ,Ноутбук Dell Vostro 15 5568 (N036VN5568EMEA01_1801_UBU) (1V76ZL2) - Уцінка,19599, Linux ,18526, Intel Core i5-7200U (2.5 - 3.1 ГГц) , RAM 8 ГБ ,матовий,1920x1080,"15.6""",,https://rozetka.com.ua/ua/49252470/p49252470/, 1.98 кг 
 чорний,,"' без ОД ', ' Wi-Fi ', ' Bluetooth ', ' веб-камера '", Intel HD Graphics 500 ,,,Ноутбук Acer Aspire ES1-132-C2L5 (NX.GGLEU.004) Black (NXGGLEU00474607DE97600) - Уцінка,6849, Linux ,5904, Intel Celeron N3350 (1.1 - 2.4 ГГц) , RAM 2 ГБ ,матовий,1366x768,"11.6""",,https://rozetka.com.ua/ua/48577366/p48577366/, 1.25 кг 
 темно-сірий ,,"' без ОД ', ' LAN ', ' Wi-Fi ', ' Bluetooth ', ' веб-камера '", Intel HD Graphics 620 ,, HDD 1 ТБ ,Ноутбук Asus VivoBook Flip TP501UA (TP501UA-FZ210T) Dark Gray (H4N0CX12P124164) - Уцінка,26399, Windows 10 ,17253, Intel Core i5-7200U (2.5 - 3.1 ГГц) , RAM 8 ГБ ,Multitouch,1920x1080,"15.6""", SSD 128 ,https://rozetka.com.ua/ua/28832945/p28832945/, 2.2 кг 
 чорний,,"' без ОД ', ' LAN ', ' Wi-Fi ', ' Bluetooth ', ' веб-камера '", nVidia GeForce GTX 1050, 4 ГБ ,,Ноутбук Asus FX503VD (FX503VD-E4150) Black (J1NRCX00X25202C) - Уцінка,24599, без ОС ,22113, Intel Core i5-7300HQ (2.5 - 3.5 ГГц) , RAM 8 ГБ ,матовий,P,"15.6""", SSD 256 ГБ ,https://rozetka.com.ua/ua/45609616/p45609616/, 2.5 кг 
 синій ,,"' без ОД ', ' Wi-Fi ', ' Bluetooth ', ' веб-камера '", nVidia GeForce GTX 950M, 2 ГБ ,,Ноутбук Asus ZenBook UX530UX (UX530UX-FY035R) Royal Blue (H7N0CV09Z476298) - Уцінка,28319, Windows 10 Pro ,25019, Intel Core i5-7200U (2.5 - 3.1 ГГц) , RAM 8 ГБ ,покриттям,P,"15.6""", SSD 256 ГБ ,https://rozetka.com.ua/ua/47551752/p47551752/, 1.63 кг 
 сірий,,"' без ОД ', ' LAN ', ' Wi-Fi ', ' Bluetooth ', ' веб-камера '", Intel HD Graphics 620 ,, HDD 500 ГБ ,Ноутбук HP ProBook 430 G4 (Y8B91EA) (5CD7327RY5) - Уцінка,16999, Windows 10 Pro 64bit ,13464, Intel Core i5-7200U (2.5 - 3.1 ГГц) , RAM 4 ГБ ,матовий,1366x768,"13.3""",,https://rozetka.com.ua/ua/50023750/p50023750/, 1.49 кг 
 сумка,,"' без ОД ', ' LAN ', ' Wi-Fi ', ' Bluetooth ', ' веб-камера ', ' DOS '", Intel UHD Graphics 620 ,, HDD 1 ТБ ,Ноутбук HP ProBook 430 G5 (1LR34AV_V2) Silver (5CD74179N9) - Уцінка,21999, 1.49 кг ,18894, Intel Core i5-8250U (1.6 - 3.4 ГГц) , RAM 8 ГБ ,матовий,1920x1080,"13.3""", SSD 128 ГБ ,https://rozetka.com.ua/ua/41384376/p41384376/, сірий 
 чорний,,"' DVD+', '-RW ', ' LAN ', ' Wi-Fi ', ' Bluetooth ', ' веб-камера '", Intel HD Graphics 620 ,,,Ноутбук HP 250 G6 (3DN12ES) Dark Ash (CND8020F2T) - Уцінка,17793, DOS ,13015, Intel Core i5-7200U (2.5 - 3.1 ГГц) , RAM 8 ГБ ,матовий,1920x1080,"15.6""", SSD 128 ГБ ,https://rozetka.com.ua/ua/47488688/p47488688/, 1.86 кг 
 черный ,,"' без ОД ', ' LAN ', ' Wi-Fi ', ' Bluetooth ', ' веб-камера '", nVidia GeForce GTX 1070, 8 ГБ , HDD 1 ТБ ,Ноутбук Asus ROG Strix GL502VS (GL502VS-GZ302T) Black (H4N0CV07K680166) - Уцінка,55555, Windows 10 ,47253, Intel Core i7-7700HQ (2.8 - 3.8 ГГц) , RAM 32 ГБ ,матовый,P,"15.6""", SSD 512 ГБ ,https://rozetka.com.ua/ua/33129695/p33129695/, 2.24 кг 
 чорний,,"' DVD Super Multi ', ' LAN ', ' Wi-Fi ', ' Bluetooth ', ' веб-камера '", Intel HD Graphics ,, HDD 500 ГБ ,Ноутбук HP 250 G4 (M9S89EA) (CND55098LV) - Уцінка,13299, DOS ,11113, Intel Core i5-5200U (2.2 - 2.7 ГГц) , RAM 4 ГБ ,матовий,1366x768,"15.6""",,https://rozetka.com.ua/ua/46894568/p46894568/, 2.15 кг 
 темно-сірий,,"' DVD Super Multi ', ' LAN ', ' Wi-Fi ', ' Bluetooth ', ' веб-камера '", nVidia GeForce 940MX, 2 ГБ , HDD 1 ТБ ,Ноутбук Asus VivoBook 15 X542UQ (X542UQ-DM003) Dark Grey (H9N0CV05881436G) - Уцінка,18499, Endless OS ,15881, Intel Core i5-7200U (2.5 - 3.1 ГГц) , RAM 8 ГБ ,матовий,1920x1080,"15.6""",,https://rozetka.com.ua/ua/46687560/p46687560/, 2.15 кг 
 білий,,"' без ОД ', ' LAN ', ' Wi-Fi ', ' Bluetooth ', ' веб-камера '", Intel HD Graphics 505 ,, HDD 500 ГБ ,Ноутбук Asus Vivobook E502NA (E502NA-DM014) White (H3N0CV04B58310D) - Уцінка,7999, без ОС ,6749, Intel Pentium N4200 (1.1 - 2.5 ГГц) , RAM 4 ГБ ,матовий,1920x1080,"15.6""",,https://rozetka.com.ua/ua/47628128/p47628128/, 1.86 кг 
 темно-сірий,,"' DVD Super Multi ', ' LAN ', ' Wi-Fi ', ' Bluetooth ', ' веб-камера '", nVidia GeForce 940MX, 2 ГБ ,,Ноутбук Asus VivoBook 15 X542UQ (X542UQ-DM027T) Dark Grey (H7N0CV00568626F) - Уцінка,19299, Windows 10 ,15660, Intel Core i5-7200U (2.5 - 3.1 ГГц) , RAM 6 ГБ ,матовий,1920x1080,"15.6""", SSD 256 ГБ ,https://rozetka.com.ua/ua/47342000/p47342000/, 2.15 кг 
 чорний ,,"' без ОД ', ' LAN ', ' Wi-Fi ', ' Bluetooth ', ' веб-камера '", nVidia GeForce GTX 1060, 6 ГБ , HDD 1 ТБ ,Ноутбук Asus ROG Strix GL703VM (GL703VM-EE043T) Black (HBN0CX219312467) - Уцінка,57999, Windows 10 ,46764, Intel Core i7-7700HQ (2.8 - 3.8 ГГц) , RAM 32 ГБ ,матовий,1920x1080,"17.3""", SSD 256 ГБ ,https://rozetka.com.ua/ua/45919760/p45919760/, 2.95 кг 
 сріблястий,,"' DVD +', '- RW ', ' Wi-Fi ', ' Bluetooth ', ' веб-камера '", Intel HD Graphics 5500 ,, HDD 500 ГБ ,Ноутбук Dell Inspiron 5758 (I57H345DIL-5SL) Silver (7TNRTC2) - Уцінка,13999, Linux ,11430, Intel Core i3-5005U (2.0 ГГц) , RAM 4 ГБ ,глянсовий,1600x900,"17.3""",,https://rozetka.com.ua/ua/47252448/p47252448/, 2.83 кг 
сірий,,"'без ОД', 'Wi-Fi', 'Bluetooth', 'веб камера'",Intel UHD Graphics 620,,,Ноутбук Asus VivoBook S14 S406UA (S406UA-BM151T) Starry Grey (J2N0CV07S014084) - Уцінка,22499,Windows 10,19260,Intel Core i5-8250U (1.6 - 3.4 ГГц),RAM 8 ГБ,матовий,1920x1080,"14.0""",,https://rozetka.com.ua/ua/47147064/p47147064/,1.2 кг
 чорний,,"' DVD Super Multi ', ' LAN ', ' Wi-Fi ', ' Bluetooth ', ' веб-камера '", Intel HD Graphics ,, HDD 500 ГБ ,Ноутбук HP 250 G4 (M9S89EA) (CND5509C2S) - Уцінка,13299, DOS ,11226, Intel Core i5-5200U (2.2 - 2.7 ГГц) , RAM 4 ГБ ,матовий,1366x768,"15.6""",,https://rozetka.com.ua/ua/46796800/p46796800/, 2.15 кг 
 золотистий ,,"' без ОД ', ' Wi-Fi ', ' Bluetooth ', ' веб-камера '", nVidia GeForce MX150, 2 ГБ ,,Ноутбук ASUS ZenBook UX430UN-GV049T (90NB0GH6-M00620) Gold (HBN0CV015827444) - Уцінка,29740, Windows 10 ,24749, Intel Core i5-8250U (1.6 - 3.4 ГГц) , RAM 8 ГБ ,матовий,1920x1080,"14.0""", SSD 256 ГБ ,https://rozetka.com.ua/ua/33440055/p33440055/, 1.3 кг 
чорний,,"'без ОД', 'Wi-Fi', 'Bluetooth', 'веб-камера'",NVIDIA GeForce GTX 1050Ti, 4 ГБ,,Ноутбук Acer Predator Helios 300 PH317-51 (NH.Q2MEU.017) Shale Black (NHQ2MEU017802081913400) - Уцінка,31599,Linux,25025,Intel Core i5-7300HQ (2.5 - 3.5 ГГц),RAM 8 ГБ,матовий,P,"17.3""",,https://rozetka.com.ua/ua/42873584/p42873584/,3 кг
 чорний,,"' без ОД ', ' LAN ', ' Wi-Fi ', ' Bluetooth ', ' веб-камера '", nVidia GeForce GTX 1050, 4 ГБ ,,Ноутбук HP Pavilion Power 15-cb038ur (3FY78EA) Black (5CD8033F04) - Уцінка,27777, DOS ,23883, Intel Core i5-7300HQ (2.5 - 3.5 ГГц) , RAM 16 ГБ ,матовий,P,"15.6""", SSD 256 ГБ ,https://rozetka.com.ua/ua/47218056/p47218056/, 2.12 кг 
 темно-коричневий,,"' DVD Super Multi ', ' LAN ', ' Wi-Fi ', ' Bluetooth ', ' веб-камера '", nVidia GeForce 940MX, 2 ГБ ,,Ноутбук Asus Vivobook X556UQ (X556UQ-DM1226T) Dark Brown (H5N0CV125669219) - Уцінка,18999, Windows 10 ,16469, Intel Core i5-7200U (2.5 - 3.1 ГГц) , RAM 6 ГБ ,матовий,1920x1080,"15.6""", SSD 256 ГБ ,https://rozetka.com.ua/ua/47546448/p47546448/, 2.3 кг 
 чорний,,"' DVD ± RW ', ' Wi-Fi ', ' Bluetooth ', ' веб-камера '", Intel HD Graphics 405 ,, HDD 500 ГБ ,Ноутбук Dell Inspiron 3552 (I35P45DIW-6B) Black (8K5FTJ2) - Уцінка,10199, Windows 10 Home ,8122, Intel Pentium N3710 (1.6 - 2.56 ГГц) , RAM 4 ГБ ,глянсовий,1366x768,"15.6""",,https://rozetka.com.ua/ua/47529088/p47529088/, 2.2 кг 
 чорний,,"' DVD±RW ', ' LAN ', ' Wi-Fi ', ' Bluetooth ', ' веб-камера '", AMD Radeon 530, 2 ГБ , HDD 1 ТБ ,Ноутбук Dell Inspiron 5570 (I515F54H10DDL-8BK) Black (3WMV042) - Уцінка,15199, Linux ,12780, Intel Core i5-8250U (1.6 - 3.4 ГГц) , RAM 4 ГБ ,глянсовий,1920x1080,"15.6""",,https://rozetka.com.ua/ua/47504472/p47504472/, 2.36 кг 
 сірий ,,"' без ОД ', ' Wi-Fi ', ' Bluetooth ', ' веб-камера '", nVidia GeForce MX150, 4 ГБ , HDD 1 ТБ ,Ноутбук Asus VivoBook S14 S410UN (S410UN-EB055T) Grey (HBN0GR04N230477) - Уцінка,21807, Windows 10 ,19259, Intel Core i3-7100U (2.4 ГГц) , RAM 8 ГБ ,матовий,P,"14""", SSD 128 ГБ ,https://rozetka.com.ua/ua/47341144/p47341144/, 1.3 кг 
 чорний,,"' без ОД ', ' Wi-Fi ', ' Bluetooth ', ' веб-камера '", NVIDIA GeForce GTX 1050Ti, 4 ГБ , HDD 1 ТБ ,Ноутбук Acer Predator Helios 300 PH317-51 (NH.Q2MEU.012) Shale Black (NHQ2MEU01273817CF33400) - Уцінка,37999, Windows 10 Home ,34009, Intel Core i7-7700HQ (2.8 - 3.8 ГГц) , RAM 8 ГБ ,матовий,P,"17.3""",,https://rozetka.com.ua/ua/31279919/p31279919/, 3 кг 
 сірий,,"' без ОД ', ' LAN ', ' Wi-Fi ', ' Bluetooth ', ' веб-камера '", Intel HD Graphics 520 ,,,Ноутбук Dell Vostro 14 5468 (N013RVN5468EMEA01_U) Grey (12SBZL2) - Уцінка,14727, Linux ,10949, Intel Core i3-6006U (2.0 ГГц) , RAM 4 ГБ ,матовий,1366x768,"14""", SSD 128 ГБ ,https://rozetka.com.ua/ua/35886065/p35886065/, 1.59 кг 
 чорний ,,"' без ОД ', ' Wi-Fi ', ' Bluetooth ', ' веб-камера '", nVidia GeForce GTX 1050 Ti, 4 ГБ ,,Ноутбук Asus ZenBook Pro UX550VE (UX550VE-BN044T) Black (H7N0CX02A326279) - Уцінка,49804, Windows 10 ,39661, Intel Core i7-7700HQ (2.8 - 3.8 ГГц) , RAM 16 ГБ ,матовий,P,"15.6""", SSD 512 ГБ ,https://rozetka.com.ua/ua/28831417/p28831417/, 1.8 кг 
 чорний,,"' без ОД ', ' LAN ', ' Wi- Fi ', ' Bluetooth ', ' веб-камера '", nVidia GeForce GTX 1050, 2 ГБ , HDD 2 ТБ ,Ноутбук HP Pavilion Power 15-cb032ur (2LE39EA) Black (5CD7287XQW) - Уцінка,29899, DOS ,25491, Intel Core i7-7700HQ (2.8 - 3.8 ГГц) , RAM 16 ГБ ,матовий,P,"15.6""",,https://rozetka.com.ua/ua/46584760/p46584760/, 2.21 кг 
 чорний,,"' DVD Super Multi ', ' LAN ', ' Wi-Fi ', ' Bluetooth ', ' веб-камера '", Intel HD Graphics ,, HDD 500 ГБ ,Ноутбук HP 250 G4 (M9S89EA) (CND5509891) - Уцінка,13299, DOS ,10985, Intel Core i5-5200U (2.2 - 2.7 ГГц) , RAM 4 ГБ ,матовий,1366x768,"15.6""",,https://rozetka.com.ua/ua/46241768/p46241768/, 2.15 кг 
 чорний,,"' DVD Super Multi ', ' LAN ', ' Wi-Fi ', ' Bluetooth ', ' веб-камера '", Intel HD Graphics ,, HDD 500 ГБ ,Ноутбук HP 250 G4 (M9S89EA) (CND55097S6) - Уцінка,13299, DOS ,11381, Intel Core i5-5200U (2.2 - 2.7 ГГц) , RAM 4 ГБ ,матовий,1366x768,"15.6""",,https://rozetka.com.ua/ua/45278120/p45278120/, 2.15 кг 
 чорний,,"' без ОД ', ' LAN ', ' Wi-Fi ', ' Bluetooth ', ' веб-камера '", nVidia GeForce GTX 1060, 6 ГБ ,,Ноутбук HP Omen 15-ce057ur (3FY86EA) Black (5CD8035S12) - Уцінка,41444, DOS ,38385, Intel Core i7-7700HQ (2.8 - 3.8 ГГц) , RAM 16 ГБ ,матовий,P,"15.6""", SSD 256 ГБ ,https://rozetka.com.ua/ua/49089470/p49089470/, 2.56 кг 
 сірий,,"' без ОД ', ' Wi-Fi ', ' Bluetooth ', ' веб-камера '", nVidia GeForce MX150, 2 ГБ ,,Ноутбук Lenovo IdeaPad 320S-13IKB (81AK00ALRA) Mineral Grey (SYD03FK7D) - Уцінка,21999, DOS ,19680, Intel Core i5-8250U (1.6 - 3.4 ГГц) , RAM 8 ГБ ,матовий,P,"13.3""", SSD 256 ГБ ,https://rozetka.com.ua/ua/49089366/p49089366/, 1.2 кг 
 чорний,,"' без ОД ', ' LAN ', ' Wi-Fi ', ' Bluetooth ', ' веб-камера '", nVidia GeForce GTX 1050 Ti, 4 ГБ , HDD 1 ТБ ,Ноутбук Lenovo Legion Y520-15IKBN (80WK00V4RA) (SPF10NP3Z) - Уцінка,35574, DOS ,30330, Intel Core i7-7700HQ (2.8 - 3.8 ГГц) , RAM 16 ГБ ,матовий,P,"15.6""", SSD 128 ГБ ,https://rozetka.com.ua/ua/47341776/p47341776/, 2.4 кг 
 сріблястий,,"' DVD Super Multi ', ' LAN ', ' Wi-Fi ', ' Bluetooth ', ' веб-камера '", nVidia GeForce 810M, 2 ГБ , HDD 1 ТБ ,Ноутбук ASUS VivoBook Max X541NC-DM009 (90NB0E93-M00430) Silver Gradient (H9N0GR00Y568368) - Уцінка,9999, без ОС ,8099, Intel Pentium N4200 (1.1 - 2.5 ГГц) , RAM 4 ГБ ,матовий,1920x1080,"15.6""",,https://rozetka.com.ua/ua/47642280/p47642280/, 2 кг 
 темно-сірий,,"' DVD Super Multi ', ' LAN ', ' Wi-Fi ', ' Bluetooth ', ' веб-камера '", nVidia GeForce 940MX, 2 ГБ ,,Ноутбук Asus VivoBook 15 X542UQ (X542UQ-DM027T) Dark Grey (H7N0CV00560326C) - Уцінка,19299, Windows 10 ,17760, Intel Core i5-7200U (2.5 - 3.1 ГГц) , RAM 6 ГБ ,матовий,1920x1080,"15.6""", SSD 256 ГБ ,https://rozetka.com.ua/ua/49089374/p49089374/, 2.15 кг 
 золотистий ,,"' без ОД ', ' LAN ', ' Wi-Fi ', ' Bluetooth ', ' веб-камера '", nVidia GeForce GTX 1050, 4 ГБ , HDD 1 ТБ ,Ноутбук ASUS Vivobook Pro N580VD-FY440 (90NB0FL1-M06680) Gold (H9N0CV01W10136H) - Уцінка,29599, Endless OS ,25649, Intel Core i5-7300HQ (2.5 - 3.5 ГГц) , RAM 8 ГБ ,матовий,P,"15.6""", SSD 128 ГБ ,https://rozetka.com.ua/ua/47584312/p47584312/, 2.2 кг 
 чохол,,"' без ОД ', ' Wi-Fi ', ' Bluetooth ', ' веб-камера ', ' Windows 10 '", nVidia GeForce MX150, 2 ГБ ,,Ноутбук Asus ZenBook 13 UX331UN (UX331UN-EG009T) Royal Blue (HAN0CV089540418) - Уцінка,30998, 1.12 кг ,26646, Intel Core i5-8250U (1.6 - 3.4 ГГц) , RAM 8 ГБ ,матовий,1920x1080,"13.3""", SSD 256 ГБ ,https://rozetka.com.ua/ua/46589616/p46589616/, синій 
 сірий ,,"' без ОД ', ' Wi-Fi ', ' Bluetooth ', ' веб-камера '", nVidia GeForce MX150, 4 ГБ , HDD 1 ТБ ,Ноутбук Asus VivoBook S14 S410UN (S410UN-EB056T) Grey (HBN0GR032901464) - Уцінка,29099, Windows 10 ,25109, Intel Core i5-8250U (1.6 - 3.4 ГГц) , RAM 12 ГБ ,матовий,1920x1080,"14.0""", SSD 256 ГБ ,https://rozetka.com.ua/ua/47340912/p47340912/, 1.43 кг 
 сірий металік ,,"' без ОД ', ' LAN ', ' Wi-Fi ', ' Bluetooth ', ' веб-камера '", nVidia GeForce MX150, 4 ГБ , HDD 1 ТБ ,Ноутбук Asus VivoBook Pro 17 N705UN (N705UN-GC049) Grey Metal (HAN0CV21D13644D) - Уцінка,28173, Без ОС ,24569, Intel Core i5-8250U (1.6 - 3.4 ГГц) , RAM 12 ГБ ,матовий,1920x1080,"17.3""", SSD 128 ГБ ,https://rozetka.com.ua/ua/47559736/p47559736/, 2.2 кг 
 чорний,,"' DVD Super Multi ', ' LAN ', ' Wi-Fi ', ' Bluetooth ', ' веб-камера '", Intel HD Graphics ,, HDD 500 ГБ ,Ноутбук HP 250 G4 (M9S89EA) (CND55097TP) - Уцінка,13299, DOS ,11117, Intel Core i5-5200U (2.2 - 2.7 ГГц) , RAM 4 ГБ ,матовий,1366x768,"15.6""",,https://rozetka.com.ua/ua/46618248/p46618248/, 2.15 кг 
 чорний,,"' DVD Super Multi ', ' LAN ', ' Wi-Fi ', ' Bluetooth ', ' веб-камера '", Intel HD Graphics ,, HDD 500 ГБ ,Ноутбук HP 250 G4 (M9S89EA) (CND55098L3) - Уцінка,13299, DOS ,11250, Intel Core i5-5200U (2.2 - 2.7 ГГц) , RAM 4 ГБ ,матовий,1366x768,"15.6""",,https://rozetka.com.ua/ua/46132912/p46132912/, 2.15 кг 
 сірий,,"' без ОД ', ' Wi-Fi ', ' Bluetooth ', ' веб-камера '", Intel UHD Graphics 620 ,, HDD 1 ТБ ,Ноутбук Asus VivoBook 15 X510UA (X510UA-EJ624) Grey (HBN0CX20M97346C) - Уцінка,15599, Endless OS ,13139, Intel Core i5-8250U (1.6 - 3.4 ГГц) , RAM 4 ГБ ,матовий,1920x1080,"15.6""",,https://rozetka.com.ua/ua/47528000/p47528000/, 1.7 кг 
 чорний,,"' без ОД ', ' LAN ', ' Wi-Fi ', ' Bluetooth ', ' веб-камера '", Intel UHD 620 ,,,Ноутбук Lenovo IdeaPad 320-15IKB (81BG00VHRA) Onyx Black (SPF12H36W) - Уцінка,14444, DOS ,12149, Intel Core i5-8250U (1.6 - 3.4 ГГц) , RAM 4 ГБ ,матовий,1366x768,"15.6""", SSD 256 ГБ ,https://rozetka.com.ua/ua/47463360/p47463360/, 2.2 кг 
 білий,,"' DVD Super Multi ', ' LAN ', ' Wi-Fi ', ' Bluetooth ', ' веб-камера '", Intel HD Graphics 620 ,, HDD 1 ТБ ,Ноутбук Asus X756UA (X756UA-T4357D) White (H8N0CX09T60633A) - Уцінка,16799, DOS ,14220, Intel Core i5-7200U (2.5 - 3.1 ГГц) , RAM 8 ГБ ,матовий,1920x1080,"17.3""",,https://rozetka.com.ua/ua/47070544/p47070544/, 2.69 кг 
 сірий ,,"' без ОД ', ' Wi-Fi ', ' Bluetooth ', ' веб-камера '", nVidia GeForce MX150, 4 ГБ , HDD 1 ТБ ,Ноутбук Asus VivoBook S14 S410UN (S410UN-EB057T) Grey (HAN0GR02Z036428) - Уцінка,32984, Windows 10 ,29069, Intel Core i7-8550U (1.8 - 4.0 ГГц) , RAM 16 ГБ ,матовий,1920x1080,"14.0""", SSD 256 ГБ ,https://rozetka.com.ua/ua/47583408/p47583408/, 1.43 кг 
 чорний,,"' без ОД ', ' LAN ', ' Wi-Fi ', ' Bluetooth ', ' веб-камера '", AMD Radeon 520, 2 ГБ ,,Ноутбук HP 250 G6 (2RR92ES) Dark Ash (CND7323ZD7) - Уцінка,18563, DOS ,14616, Intel i5-7200U (2.5 - 3.1 ГГц) , RAM 8 ГБ ,матовий,1920x1080,"15.6""", SSD 256 ГБ ,https://rozetka.com.ua/ua/48123670/p48123670/, 1.86 кг 
 сірий,,"' DVD±RW ', ' LAN ', ' Wi-Fi ', ' Bluetooth ', ' веб-камера '", AMD Radeon R7 M445, 4 ГБ ,,Ноутбук Dell Inspiron 5567 (55i58S2R7M-LFG) Gray (6JHXY32) - Уцінка,17999, Linux ,14911, Intel Core i5-7200U (2.5 - 3.1 ГГц) , RAM 8 ГБ ,покриттям,1920x1080,"15.6""", SSD 256 ГБ ,https://rozetka.com.ua/ua/45398096/p45398096/, 2.36 кг 
 чорний,,"' DVD Super Multi ', ' LAN ', ' Wi-Fi ', ' Bluetooth ', ' веб-камера '", Intel HD Graphics ,, HDD 500 ГБ ,Ноутбук HP 250 G4 (M9S89EA) (CND55098JS) - Уцінка,13299, DOS ,11117, Intel Core i5-5200U (2.2 - 2.7 ГГц) , RAM 4 ГБ ,матовий,1366x768,"15.6""",,https://rozetka.com.ua/ua/46135800/p46135800/, 2.15 кг 
 чорний,,"' DVD Super Multi ', ' LAN ', ' Wi-Fi ', ' Bluetooth ', ' веб-камера '", Intel HD Graphics ,, HDD 500 ГБ ,Ноутбук HP 250 G4 (M9S89EA) (CND55099GZ) - Уцінка,13299, DOS ,11117, Intel Core i5-5200U (2.2 - 2.7 ГГц) , RAM 4 ГБ ,матовий,1366x768,"15.6""",,https://rozetka.com.ua/ua/46134312/p46134312/, 2.15 кг 
 чорний,,"' DVD Super Multi ', ' LAN ', ' Wi-Fi ', ' Bluetooth ', ' веб-камера '", Intel HD Graphics ,, HDD 500 ГБ ,Ноутбук HP 250 G4 (M9S89EA) (CND5509841) - Уцінка,13299, DOS ,11226, Intel Core i5-5200U (2.2 - 2.7 ГГц) , RAM 4 ГБ ,матовий,1366x768,"15.6""",,https://rozetka.com.ua/ua/46780448/p46780448/, 2.15 кг 
 темно-коричневий,,"' без ОД ', ' LAN ', ' Wi-Fi ', ' Bluetooth ', ' веб-камера '", nVidia GeForce 920MX, 2 ГБ , HDD 500 ГБ ,Ноутбук ASUS VivoBook Max X541UV-GQ988 (90NB0CG1-M14170) Chocolate Black (H9N0CX02L248368) - Уцінка,11999, Endless OS ,10349, Intel Core i3-7100U (2.4 ГГц) , RAM 4 ГБ ,матовий,1366x768,"15.6""",,https://rozetka.com.ua/ua/48090478/p48090478/, 2 кг 
 чорний,,"' без ОД ', ' LAN ', ' Wi-Fi ', ' Bluetooth ', ' веб-камера '", nVidia GeForce MX150, 4 ГБ , HDD 1 ТБ ,Ноутбук Lenovo IdeaPad 320-17IKB (81BJ003JRA) Onyx Black (SPF112ZBR) - Уцінка,21999, DOS ,20448, Intel Core i5-8250U (1.6 - 3.4 ГГц) , RAM 8 ГБ ,матовий,P,"17.3""", SSD 128 ГБ ,https://rozetka.com.ua/ua/49089478/p49089478/, 2.8 кг 
 сріблястий,,"' без ОД ', ' Wi-Fi ', ' Bluetooth ', ' веб-камера '", Intel HD Graphics 620 ,,,Ноутбук Dell XPS 13 9360 (93i716S5IHD-WSL) Silver (9VFGBH2) - Уцінка,52999, Windows 10 ,46480, Intel Core i7-7500U (2.7 - 3.5 ГГц) , RAM 16 ГБ ,покриттям,P,"13.3""", SSD 512 ГБ ,https://rozetka.com.ua/ua/47628536/p47628536/, 1.2 кг 
 чорний,,"' без ОД ', ' LAN ', ' Wi-Fi ', ' Bluetooth ', ' веб камера '", Intel HD Graphics 405 ,, HDD 1 ТБ ,Ноутбук HP 250 G6 (2HG40ES) Dark Ash (CND7311BH3) - Уцінка,10799, Windows 10 Home 64bit ,8822, Intel Pentium N3710 (1.6 - 2.56 ГГц) , RAM 4 ГБ ,матовий,1920x1080,"15.6""",,https://rozetka.com.ua/ua/46446480/p46446480/, 1.86 кг 
 сірий,,"' без ОД ', ' Wi-Fi ', ' Bluetooth ', ' веб-камера '", Intel HD Graphics 620 ,,,Ноутбук Dell Inspiron 5379 (I1378S2NIW-8FG) Gray (4PRZ2K2) - Уцінка,29455, Windows 10 Home ,25110, Intel Core i7-8550U (1.8 - 4.0 ГГц) , RAM 8 ГБ ,глянсовий,P,"13.3""", SSD 256 ГБ ,https://rozetka.com.ua/ua/47528848/p47528848/, 1.62 кг 
 чорний,,"' без ОД ', ' LAN ', ' Wi-Fi ', ' Bluetooth ', ' веб-камера '", nVidia GeForce 940MX, 2 ГБ , HDD 1 ТБ ,Ноутбук Acer Aspire 5 A517-51G (NX.GSTEU.009) Obsidian Black (NXGSTEU0097370DEA53400) - Уцінка,16299, Linux ,14039, Intel Core i3-6006U (2.0 ГГц) , RAM 8 ГБ ,глянсовий,1600x900,"17.3""",,https://rozetka.com.ua/ua/47215904/p47215904/, 3 кг 
 сірий,,"' без ОД ', ' LAN ', ' Wi-Fi ', ' Bluetooth ', ' веб-камера '", nVidia GeForce 920MX, 2 ГБ , HDD 1 ТБ ,Ноутбук Asus VivoBook 17 X705UV (X705UV-GC025) Grey (HAN0CV19L68443H) - Уцінка,16199, Endless OS ,14669, Intel Core i3-7100U (2.4 ГГц) , RAM 6 ГБ ,матовий,1920x1080,"17.3""",,https://rozetka.com.ua/ua/46830208/p46830208/, 2.1 кг 
 чорний,,"' DVD Super Multi ', ' LAN ', ' Wi-Fi ', ' Bluetooth ', ' веб-камера '", Intel HD Graphics ,, HDD 500 ГБ ,Ноутбук HP 250 G4 (M9S89EA) (CND550982N) - Уцінка,13299, DOS ,11117, Intel Core i5-5200U (2.2 - 2.7 ГГц) , RAM 4 ГБ ,матовий,1366x768,"15.6""",,https://rozetka.com.ua/ua/46135472/p46135472/, 2.15 кг 
 чорний,,"' DVD Super Multi ', ' LAN ', ' Wi-Fi ', ' Bluetooth ', ' веб-камера '", Intel HD Graphics ,, HDD 500 ГБ ,Ноутбук HP 250 G4 (M9S89EA) (CND55098KP) - Уцінка,13299, DOS ,10985, Intel Core i5-5200U (2.2 - 2.7 ГГц) , RAM 4 ГБ ,матовий,1366x768,"15.6""",,https://rozetka.com.ua/ua/46241872/p46241872/, 2.15 кг 
синій,,"'без ОД', 'Wi-Fi', 'Bluetooth', 'веб камера'",Intel UHD Graphics 620,,,Ноутбук ASUS ZenBook 3 Deluxe UX490UA-BE099R (90NB0EI1-M04840) Blue (HBN0CY00453145D) - Уцінка,52499,Windows 10 Pro,47856,Intel Core i7-8550U (1.8 - 4.0 ГГц),RAM 16 ГБ,глянсовий,1920x1080,"14.0""",,https://rozetka.com.ua/ua/49090070/p49090070/,1.1 кг
 темно-коричневий,,"' DVD Super Multi ', ' LAN ', ' Wi-Fi ', ' Bluetooth ', ' веб-камера '", nVidia GeForce 920MX, 2 ГБ , HDD 1 ТБ ,Ноутбук ASUS VivoBook Max X541UV-GQ485 (90NB0CG1-M14200) Chocolate Black (H8N0CX23Y40835A) - Уцінка,15999, Endless OS ,14640, Intel Core i5-7200U (2.5 - 3.1 ГГц) , RAM 8 ГБ ,матовий,1366x768,"15.6""",,https://rozetka.com.ua/ua/49089438/p49089438/, 2 кг 
 золотистий ,,"' без ОД ', ' Wi-Fi ', ' Bluetooth ', ' веб-камера '", nVidia GeForce MX150, 2 ГБ ,,Ноутбук ASUS ZenBook UX430UN-GV049T (90NB0GH6-M00620) Gold (J5N0CV00592418H) - Уцінка,29740, Windows 10 ,24479, Intel Core i5-8250U (1.6 - 3.4 ГГц) , RAM 8 ГБ ,матовий,1920x1080,"14.0""", SSD 256 ГБ ,https://rozetka.com.ua/ua/49090454/p49090454/, 1.3 кг 
 чорний,,"' без ОД ', ' LAN ', ' Wi-Fi ', ' Bluetooth ', ' веб-камера '", Intel HD Graphics 620 ,,,Ноутбук Lenovo IdeaPad 320-15IKB (80XL02Q9RA) Onyx Black (SPF10J8HK) - Уцінка,17399, DOS ,13675, Intel Core i5-7200U (2.5 - 3.1 ГГц) , RAM 8 ГБ ,матовий,1920x1080,"15.6""", SSD 256 ГБ ,https://rozetka.com.ua/ua/46586448/p46586448/, 2.2 кг 
 сірий,,"' без ОД ', ' LAN ', ' Wi-Fi ', ' Bluetooth ', ' веб-камера '", nVidia GeForce 940MX, 2 ГБ , HDD 500 ГБ ,Ноутбук Acer Aspire 5 A515-51G (NX.GPDEU.031) Steel Gray (NXGPDEU03173804BAE3400) - Уцінка,14499, Linux ,12396, Intel Core i3-6006U (2.0 ГГц) , RAM 4 ГБ ,матовий,1920x1080,"15.6""", SSD 128 ГБ ,https://rozetka.com.ua/ua/47070528/p47070528/, 2.1 кг 
 чорний,,"' без ОД ', ' LAN ', ' Wi-Fi ', ' Bluetooth ', ' веб-камера '", Intel HD Graphics 620 ,, HDD 500 ГБ ,Ноутбук HP 250 G6 (2EW20ES) Dark Ash (CND7321840) - Уцінка,15199, Windows 10 Pro 64bit ,13499, Intel Core i5 7200U (2.5 - 3.1 ГГц) , RAM 8 ГБ ,матовий,1366x768,"15.6""",,https://rozetka.com.ua/ua/43461160/p43461160/, 1.86 кг 
 сірий,,"' без ОД ', ' LAN ', ' Wi-Fi ', ' Bluetooth ', ' веб-камера '", Intel HD Graphics 620 ,, HDD 500 ГБ ,Ноутбук HP ProBook 430 G4 (W6P91AV_V5) (5CD74119GC) - Уцінка,16239, DOS ,13770, Intel Core i3-7100U (2.4 ГГц) , RAM 4 ГБ ,матовий,V,"13.3""", SSD 128 ГБ ,https://rozetka.com.ua/ua/48122046/p48122046/, 1.49 кг 
 чорний,,"' без ОД ', ' Wi-Fi ', ' Bluetooth ', ' веб-камера '", Intel HD Graphics 515 ,,,Ноутбук Dell Latitude 7370 (210-AHGT-M5-8-256) carbon (DM450N2) - Уцінка,23599, Windows 10 Pro 64bit ,21780, Intel Core M5-6Y57 (1.1 - 2.8 ГГц) , RAM 8 ГБ ,покриттям,P,"13.3""", SSD 256 ГБ ,https://rozetka.com.ua/ua/49946070/p49946070/, 1.12 кг 
,,,,, HDD 1 ТБ ,Ноутбук ASUS FX553VE-DM406 (90NB0DX7-M06150) Black Red (HBN0CV17E41947D) - Уцінка,24599, RAM 8 ГБ ,22599, Intel Core i5-7300HQ (2.5 - 3.5 ГГц) , RAM 8 ГБ ,матовий,1920x1080,"15.6""",,https://rozetka.com.ua/ua/49946078/p49946078/, HDD 1 ТБ 
 чорний,,"' без ОД ', ' LAN ', ' Wi-Fi ', ' Bluetooth ', ' веб-камера '", Intel HD Graphics 620 ,,,Ноутбук Lenovo ThinkPad T470 (20HDS00N00) (SPF0WXGTW) - Уцінка,32780, DOS ,30789, Intel Core i5-7200U (2.5 - 3.1 ГГц) , RAM 16 ГБ ,матовий,1920x1080,"14""", SSD 256 ГБ ,https://rozetka.com.ua/ua/49946086/p49946086/, 1.65 кг 
 сірий,,"' без ОД ', ' Wi-Fi ', ' Bluetooth ', ' веб-камера '", nVidia GeForce GTX 1050 Ti, 4 ГБ ,,Ноутбук Dream Machines Clevo G1050Ti-17 (G1050Ti-17UA22) (BR707838) - Уцінка,35499, DOS ,31920, Intel Core i7-7700HQ (2.8 - 3.8 ГГц) , RAM 16 ГБ ,матовий,P,"17.3""", SSD 500 ГБ ,https://rozetka.com.ua/ua/49089494/p49089494/, 3.1 кг 
 червоний,,"' DVD Super Multi ', ' LAN ', ' Wi-Fi ', ' Bluetooth ', ' веб-камера '", nVidia GeForce 940MX, 2 ГБ , HDD 1 ТБ ,Ноутбук Asus VivoBook 15 X542UQ (X542UQ-DM038) Red (H9N0CV054056360) - Уцінка,18899, без ОС ,15069, Intel Core i5-7200U (2.5 - 3.1 ГГц) , RAM 8 ГБ ,матовий,1920x1080,"15.6""",,https://rozetka.com.ua/ua/47556240/p47556240/, 2.15 кг 
 чорний,,"' DVD+', '-RW ', ' LAN ', ' Wi-Fi ', ' Bluetooth ', ' веб-камера '", AMD Radeon R5 M430, 2 ГБ , HDD 1 ТБ ,Ноутбук Dell Inspiron 3567 (I35F5810DDL-6BK) Black (F2VDTJ2) - Уцінка,16999, Linux ,13996, Intel Core i5-7200U (2.5 - 3.1 ГГц) , RAM 8 ГБ ,покриттям,1920x1080,"15.6""",,https://rozetka.com.ua/ua/43336464/p43336464/, 2.3 кг 
 бронзовий,,"' без ОД ', ' LAN ', ' Wi-Fi ', ' Bluetooth ', ' веб-камера '", nVidia GeForce MX150, 4 ГБ , HDD 1 ТБ ,Ноутбук Lenovo IdeaPad 520-15IKB (81BF00ENRA) Bronze (SPF10Q5FA) - Уцінка,25364, DOS ,21617, Intel Core i5-8250U (1.6 - 3.4 ГГц) , RAM 16 ГБ ,матовий,P,"15.6""", SSD 128 ГБ ,https://rozetka.com.ua/ua/46127424/p46127424/, 2.2 кг 
 серебристый,,"' без ОД ', ' LAN ', ' Wi-Fi ', ' Bluetooth ', ' веб-камера '", nVidia GeForce 940MX, 4 ГБ , HDD 2 ТБ ,Ноутбук HP Pavilion 15-cc532ur (2CT31EA) Silver (5CD745B3SZ) - Уцінка,29018, Windows 10 Home 64bit ,24795, Intel Core i7-7500U (2.7 - 3.5 ГГц) , RAM 8 ГБ ,матовый,P,15.6”, SSD 128 ГБ ,https://rozetka.com.ua/ua/48124062/p48124062/, 1.82 кг 
 темно-коричневий,,"' DVD SuperMulti ', ' LAN ', ' Wi-Fi ', ' Bluetooth ', ' веб-камера '", nVidia GeForce 810M, 2 ГБ , HDD 1 ТБ ,Ноутбук Asus VivoBook Max X541SC (X541SC-DM016D) Chocolate Black (H2N0GR029867093) - Уцінка,9799, DOS ,8189, Intel Pentium N3710 (1.6 - 2.56 ГГц) , RAM 4 ГБ ,матовий,1920x1080,"15.6""",,https://rozetka.com.ua/ua/47070592/p47070592/, 2 кг 
,,,,, HDD 1 ТБ ,Ноутбук ASUS FX553VE-DM406 (90NB0DX7-M06150) Black Red (HBN0CV237823485) - Уцінка,24599, RAM 8 ГБ ,22599, Intel Core i5-7300HQ (2.5 - 3.5 ГГц) , RAM 8 ГБ ,матовий,1920x1080,"15.6""",,https://rozetka.com.ua/ua/49946094/p49946094/, HDD 1 ТБ 
 чорний,,"' без ОД ', ' LAN ', ' Wi-Fi ', ' Bluetooth ', ' веб-камера '", Intel UHD 620 ,, HDD 1 ТБ ,Ноутбук Lenovo ThinkPad E480 (20KN005CRT) Black (SPF13R92Z) - Уцінка,20871, DOS ,18713, Intel Core i5-8250U (1.6 - 3.4 ГГц) , RAM 8 ГБ ,матовий,P,"14""",,https://rozetka.com.ua/ua/49946102/p49946102/, 1.75 кг 
 темно-коричневий,,"' DVD Super Multi ', ' LAN ', ' Wi-Fi ', ' Bluetooth ', ' веб-камера '", nVidia GeForce 940MX, 2 ГБ , HDD 1 ТБ ,Ноутбук ASUS X756UQ-T4332D (90NB0C31-M03690) Dark Brown (H7N0CX00229926A) - Уцінка,17568, DOS ,15770, Intel Core i3-7100U (2.4 ГГц) , RAM 8 ГБ ,матовий,1920x1080,"17.3""",,https://rozetka.com.ua/ua/49946110/p49946110/, 2.69 кг 
 золотистий,,"' без ОД ', ' Wi-Fi ', ' Bluetooth ', ' веб-камера '", nVidia GeForce MX110, 2 ГБ , HDD 1 ТБ ,Ноутбук ASUS X507UB-EJ048 (90NB0HN2-M00570) Silver (J2N0CV00L761055) - Уцінка,20499, Endless OS ,18720, Intel Core i5-7200U (2.5 - 3.1 ГГц) , RAM 8 ГБ ,матовий,1920x1080,"15.6""", SSD 128 ГБ ,https://rozetka.com.ua/ua/49089390/p49089390/, 1.68 кг 
 темно-коричневий,,"' DVD Super Multi ', ' LAN ', ' Wi-Fi ', ' Bluetooth ', ' веб-камера '", nVidia GeForce 920MX, 2 ГБ , HDD 1 ТБ ,Ноутбук ASUS VivoBook Max X541UV-GQ485 (90NB0CG1-M14200) Chocolate Black (H7N0CX10367528D) - Уцінка,15999, Endless OS ,14880, Intel Core i5-7200U (2.5 - 3.1 ГГц) , RAM 8 ГБ ,матовий,1366x768,"15.6""",,https://rozetka.com.ua/ua/49089446/p49089446/, 2 кг 
 червоний,,"' DVD Super Multi ', ' LAN ', ' Wi-Fi ', ' Bluetooth ', ' веб-камера '", nVidia GeForce 940MX, 2 ГБ , HDD 1 ТБ ,Ноутбук Asus VivoBook 15 X542UQ (X542UQ-DM038) Red (H9N0CV054063363) - Уцінка,18899, без ОС ,15794, Intel Core i5-7200U (2.5 - 3.1 ГГц) , RAM 8 ГБ ,матовий,1920x1080,"15.6""",,https://rozetka.com.ua/ua/46443536/p46443536/, 2.15 кг 
 сріблястий,,"' DVD Super Multi ', ' LAN ', ' Wi-Fi ', ' Bluetooth ', ' веб-камера '", nVidia GeForce 920MX, 2 ГБ , HDD 1 ТБ ,Ноутбук Asus VivoBook Max X541UV (X541UV-GQ997) Silver (H8N0CX21Z416351) - Уцінка,15999, Endless OS ,13949, Intel Core i5-7200U (2.5 - 3.1 ГГц) , RAM 8 ГБ ,глянсовий,1366x768,"15.6""",,https://rozetka.com.ua/ua/47046856/p47046856/, 2 кг 
 сірий,,"' DVD±RW ', ' LAN ', ' Wi-Fi ', ' Bluetooth ', ' веб-камера '", AMD Radeon R7 M445, 4 ГБ , HDD 1 ТБ ,Ноутбук Dell Inspiron 5567 (55i58H1R7M-LFG) Gray (7XZYW32) - Уцінка,17999, Linux ,14315, Intel Core i5-7200U (2.5 - 3.1 ГГц) , RAM 8 ГБ ,покриттям,1920x1080,"15.6""",,https://rozetka.com.ua/ua/42408600/p42408600/, 2.36 кг 
 чорний ,,"' DVD Super Multi ', ' LAN ', ' Wi-Fi ', ' Bluetooth ', ' веб-камера '", nVidia GeForce GTX 1050 Ti, 4 ГБ , HDD 1 ТБ ,Ноутбук Asus ROG Strix GL553VE (GL553VE-FY140T) (H7N0CV01Y021279) - Уцінка,46499, Windows 10 ,40770, Intel Core i7-7700HQ (2.8 - 3.8 ГГц) , RAM 32 ГБ ,матовий,1920x1080,"15.6""", SSD 256 ГБ ,https://rozetka.com.ua/ua/47003904/p47003904/, 2.5 кг 
 золотистий,,"' без ОД ', ' Wi-Fi ', ' Bluetooth ', ' веб-камера '", nVidia GeForce 940MX, 2 ГБ , HDD 1 ТБ ,Ноутбук Asus VivoBook 14 X411UQ (X411UQ-EB091) Gold (J1N0GR03K302039) - Уцінка,21999, Endless OS ,18886, Intel Core i5-8250U (1.6 - 3.4 ГГц) , RAM 8 ГБ ,матовий,1920x1080,"14.0""", SSD 128 ГБ ,https://rozetka.com.ua/ua/47003416/p47003416/, 1.35 кг 
 темно-коричневий,,"' DVD Super Multi ', ' LAN ', ' Wi-Fi ', ' Bluetooth ', ' веб-камера '", nVidia GeForce 940MX, 2 ГБ , HDD 1 ТБ ,Ноутбук ASUS X756UQ-T4332D (90NB0C31-M03690) Dark Brown (H7N0CX002254266) - Уцінка,17568, DOS ,15770, Intel Core i3-7100U (2.4 ГГц) , RAM 8 ГБ ,матовий,1920x1080,"17.3""",,https://rozetka.com.ua/ua/49946126/p49946126/, 2.69 кг 
 сірий ,,"' без ОД ', ' Wi-Fi ', ' Bluetooth ', ' веб-камера '", nVidia GeForce MX130, 2 ГБ , HDD 1 ТБ ,Ноутбук ASUS ZenBook UX410UF-GV006T (90NB0HZ3-M00070) Quartz Gray (J1N0CV10W469039) - Уцінка,32534, Windows 10 ,30467, Intel Core i5-8250U (1.6 - 3.4 ГГц) , RAM 16 ГБ ,матовий,1920x1080,"14""", SSD 256 ГБ ,https://rozetka.com.ua/ua/49946134/p49946134/, 1.4 кг 
 сірий ,,"' без ОД ', ' Wi-Fi ', ' Bluetooth ', ' веб-камера '", nVidia GeForce MX150, 4 ГБ , HDD 1 ТБ ,Ноутбук ASUS VivoBook S14 S410UN-EB055T (90NB0GT2-M00800) Grey (HBN0GR04N216477) - Уцінка,21807, Windows 10 ,20447, Intel Core i3-7100U (2.4 ГГц) , RAM 8 ГБ ,матовий,P,"14""", SSD 128 ГБ ,https://rozetka.com.ua/ua/49090342/p49090342/, 1.3 кг 
 чохол,,"' без ОД ', ' Wi-Fi ', ' Bluetooth ', ' веб-камера ', ' Windows 10 '", nVidia GeForce MX150, 2 ГБ ,,Ноутбук ASUS ZenBook 13 UX331UN-EG009T (90NB0GY1-M00100) Blue (J4N0CV07P003179) - Уцінка,30998, 1.12 кг ,28799, Intel Core i5-8250U (1.6 - 3.4 ГГц) , RAM 8 ГБ ,матовий,1920x1080,"13.3""", SSD 256 ГБ ,https://rozetka.com.ua/ua/49090062/p49090062/, синій 
 темно-сірий,,"' DVD Super Multi ', ' LAN ', ' Wi-Fi ', ' Bluetooth ', ' веб-камера '", nVidia GeForce MX150, 4 ГБ , HDD 1 ТБ ,Ноутбук Asus VivoBook 15 X542UN (X542UN-DM041) Dark Grey (HBN0CV07Z61645A) - Уцінка,26965, Endless OS ,22950, Intel Core i7-8550U (1.8 - 4.0 ГГц) , RAM 16 ГБ ,матовий,1920x1080,"15.6""", SSD 128 ГБ ,https://rozetka.com.ua/ua/47142528/p47142528/, 2.3 кг 
 сірий,,"' без ОД ', ' LAN ', ' Wi-Fi ', ' Bluetooth ', ' веб-камера '", Intel HD Graphics 610 ,, HDD 1 ТБ ,Ноутбук HP ProBook 430 G4 (W6P97AV_V8) (5CD7403R83) - Уцінка,14744, DOS ,12599, Intel Pentium 4415U (2.3 ГГц) , RAM 8 ГБ ,матовий,V,"13.3""", SSD 128 ГБ ,https://rozetka.com.ua/ua/47524032/p47524032/, 1.49 кг 
 сріблястий,,"' без ОД ', ' Wi-Fi ', ' Bluetooth ', ' веб-камера '", Intel HD Graphics 620 ,,,Ноутбук Acer Swift 3 SF314-52-54WX (NX.GQGEU.006) Sparkly Silver (NXGQGEU00674800E9F7200) - Уцінка,23899, без ОС ,20699, Intel Core i5-8250U (1.6 - 3.4 ГГц) , RAM 8 ГБ ,глянсовий,P,"14""", SSD 256 ГБ ,https://rozetka.com.ua/ua/47257528/p47257528/, 1.6 кг 
 сріблястий,,"' DVD Super Multi ', ' LAN ', ' Wi-Fi ', ' Bluetooth ', ' веб-камера '", nVidia GeForce 810M, 2 ГБ , HDD 1 ТБ ,Ноутбук Asus VivoBook Max X541NC (X541NC-DM009) Silver (H8N0GR04254835B) - Уцінка,9999, без ОС ,8189, Intel Pentium N4200 (1.1 - 2.5 ГГц) , RAM 4 ГБ ,матовий,1920x1080,"15.6""",,https://rozetka.com.ua/ua/47528104/p47528104/, 2 кг 
 чорний,,"' без ОД ', ' Wi-Fi ', ' Bluetooth ', ' веб-камера '", Intel HD Graphics 515 ,,,Ноутбук Dell Latitude 7370 (210-AHGT-M5-8-256) carbon (60371N2) - Уцінка,23599, Windows 10 Pro 64bit ,21879, Intel Core M5-6Y57 (1.1 - 2.8 ГГц) , RAM 8 ГБ ,покриттям,P,"13.3""", SSD 256 ГБ ,https://rozetka.com.ua/ua/49946142/p49946142/, 1.12 кг 
 чорний,,"' без ОД ', ' Wi-Fi ', ' Bluetooth ', ' веб-камера '", Intel HD Graphics 515 ,,,Ноутбук Dell Latitude 7370 (210-AHGT-M5-8-256) carbon (FKR90N2) - Уцінка,23599, Windows 10 Pro 64bit ,21879, Intel Core M5-6Y57 (1.1 - 2.8 ГГц) , RAM 8 ГБ ,покриттям,P,"13.3""", SSD 256 ГБ ,https://rozetka.com.ua/ua/49946150/p49946150/, 1.12 кг 
 чорний,,"' без ОД ', ' Wi-Fi ', ' Bluetooth ', ' веб-камера '", Intel HD Graphics 515 ,,,Ноутбук Dell Latitude 7370 (210-AHGT-M5-8-256) carbon (JHX6NN2) - Уцінка,23599, Windows 10 Pro 64bit ,21999, Intel Core M5-6Y57 (1.1 - 2.8 ГГц) , RAM 8 ГБ ,покриттям,P,"13.3""", SSD 256 ГБ ,https://rozetka.com.ua/ua/49946158/p49946158/, 1.12 кг 
 сірий ,,"' без ОД ', ' Wi-Fi ', ' Bluetooth ', ' веб-камера '", Intel HD Graphics 620 ,,,Ноутбук ASUS ZenBook 3 Deluxe UX490UA-BE022R (90NB0EI3-M01530) Gray (H5N0CY009173196) - Уцінка,39546, Windows 10 Professional 64bit ,36960, Intel Core i7-7500U (2.7 - 3.5 ГГц) , RAM 16 ГБ ,глянсовий,P,"14.0""", SSD 1 ТБ ,https://rozetka.com.ua/ua/49090078/p49090078/, 1.2 кг 
сірий металік,,"'без ОД', 'LAN', 'Wi-Fi', 'Bluetooth', 'веб-камера'",nVidia GeForce GTX 1050, 4 ГБ,,Asus VivoBook Pro 15 N580VD (N580VD-FI434T) Grey Metal (HAN0CV19U649435) - Уцінка,41499,Windows 10,39359,Intel Core i7-7700HQ (2.8 - 3.8 ГГц),RAM 16 ГБ,матовий,3840X2160,"15.6""", SSD 512 ГБ,https://rozetka.com.ua/ua/49090350/p49090350/,1.99 кг
 синій ,,"' без ОД ', ' Wi-Fi ', ' Bluetooth ', ' веб-камера '", nVidia GeForce 940MX, 2 ГБ ,,Ноутбук Asus ZenBook UX430UQ (UX430UQ-GV156T) Royal Blue (H7N0CV01N710273) - Уцінка,33999, Windows 10 ,30149, Intel Core i7-7500U (2.7 - 3.5 ГГц) , RAM 16 ГБ ,матовий,P,"14.0""", SSD 512 ГБ ,https://rozetka.com.ua/ua/47557168/p47557168/, 1.25 кг 
 темно-сірий,,"' DVD Super Multi ', ' LAN ', ' Wi-Fi ', ' Bluetooth ', ' веб-камера '", nVidia GeForce 940MX, 2 ГБ ,,Ноутбук Asus VivoBook 15 X542UQ (X542UQ-DM026) Dark Grey (H8N0CV01U07231D) - Уцінка,18612, Endless OS ,15929, Intel Core i5-7200U (2.5 - 3.1 ГГц) , RAM 8 ГБ ,матовий,1920x1080,"15.6""", SSD 256 ГБ ,https://rozetka.com.ua/ua/46447536/p46447536/, 2.15 кг 
 сріблястий,,"' без ОД ', ' LAN ', ' Wi-Fi ', ' Bluetooth ', ' веб-камера '", Intel HD Graphics 520 ,,,Ноутбук HP Envy 13-d000ur (N7H79EA) (CND64680HK) - Уцінка,21800, Windows 10 Home 64bit ,18344, Intel Core i5-6200U (2.3 - 2.8 ГГц) , RAM 8 ГБ ,матовий,P,"13.3""", SSD 128 ГБ ,https://rozetka.com.ua/ua/46583920/p46583920/, 1.36 кг 
 чорний,,"' без ОД ', ' LAN ', ' Wi-Fi ', ' Bluetooth ', ' веб-камера '", nVidia GeForce GTX 1070, 8 ГБ , HDD 1 ТБ ,Ноутбук MSI GE72MVR-7RG Apache Pro (GE72MVR7RG-075XUA) (K1712N0066242) - Уцінка,56999, DOS ,49801, Intel Core i7-7700HQ (2.8 - 3.8 ГГц) , RAM 32 ГБ ,матовий,1920x1080,"17.3""", SSD 256 ГБ ,https://rozetka.com.ua/ua/47532072/p47532072/, 2.9 кг 
чорний,,"'DVD +', '-RW', 'LAN', 'Wi-Fi', 'Bluetooth', 'веб-камера'",AMD Radeon 530, 4 ГБ,,Ноутбук Dell Inspiron 5570 (I515F716H2S2DDL-8BK) Black (20S7142) - Уцінка,28699,Linux,22941,Intel Core i7-8550U (1.8 - 4.0 ГГц),RAM 16 ГБ,покриттям,1920x1080,"15.6""", SSD 256 ГБ,https://rozetka.com.ua/ua/45440160/p45440160/,2.02 кг
 сірий,,"' без ОД ', ' Wi-Fi ', ' Bluetooth ', ' веб-камера '", Intel UHD 620 ,,,Ноутбук Lenovo Yoga 520-14IKB (81C800DCRA) Mineral Grey (SMP1CNGU2) - Уцінка,29958, Windows 10 Home ,27719, Intel Core i7-8550U (1.8 - 4.0 ГГц) , RAM 8 ГБ ,матовий,P,"14""", SSD 256 ГБ ,https://rozetka.com.ua/ua/49946190/p49946190/, 1.74 кг 
 сірий,,"' без ОД ', ' Wi-Fi ', ' Bluetooth ', ' веб-камера '", nVidia GeForce MX150, 2 ГБ ,,Ноутбук Lenovo IdeaPad 320S-13IKB (81AK00ALRA) Mineral Grey (SYD03V2TY) - Уцінка,21999, DOS ,19799, Intel Core i5-8250U (1.6 - 3.4 ГГц) , RAM 8 ГБ ,матовий,P,"13.3""", SSD 256 ГБ ,https://rozetka.com.ua/ua/49946206/p49946206/, 1.2 кг 
 сірий,,"' без ОД ', ' Wi-Fi ', ' Bluetooth ', ' веб-камера '", Intel UHD 620 ,,,Ноутбук Lenovo Yoga 520-14IKB (81C800DCRA) Mineral Grey (SMP1CNGUS) - Уцінка,29958, Windows 10 Home ,28319, Intel Core i7-8550U (1.8 - 4.0 ГГц) , RAM 8 ГБ ,матовий,P,"14""", SSD 256 ГБ ,https://rozetka.com.ua/ua/49090438/p49090438/, 1.74 кг 
 синій ,,"' без ОД ', ' Wi-Fi ', ' Bluetooth ', ' веб-камера '", nVidia GeForce MX150, 2 ГБ ,,Ноутбук ASUS ZenBook UX430UN-GV027T (90NB0GH5-M00570) Blue (HBN0CV16D48347G) - Уцінка,36299, Windows 10 ,34080, Intel Core i7-8550U (1.8 - 4.0 ГГц) , RAM 16 ГБ ,матовий,1920x1080,"14.0""", SSD 512 ГБ ,https://rozetka.com.ua/ua/49090094/p49090094/, 1.3 кг 
 темно-сірий ,,"' без ОД ', ' LAN ', ' Wi-Fi ', ' Bluetooth ', ' веб-камера '", nVidia GeForce GTX 1050 Ti, 4 ГБ , HDD 1 ТБ ,Ноутбук ASUS ROG Strix GL503GE-EN044T (90NR0081-M00550) Scar Gunmetal (J3NRCX05W023148) - Уцінка,45599, Windows 10 64bit ,42624, Intel Core i7-8750H (2.2 - 4.1 ГГц) , RAM 16 ГБ ,матовий,1920x1080,"15.6""", SSD 128 ГБ ,https://rozetka.com.ua/ua/49089486/p49089486/, 2.6 кг 
 сірий ,,"' без ОД ', ' Wi-Fi ', ' Bluetooth ', ' веб-камера '", Intel HD graphics 620 ,, HDD 1 ТБ ,Ноутбук Asus VivoBook S14 S410UA (S410UA-EB105T) Grey (HAN0GR03L384426) - Уцінка,22820, Windows 10 ,19889, Intel Core i3-7100U (2.4 ГГц) , RAM 8 ГБ ,матовий,1920x1080,"14.0""", SSD 128 ГБ ,https://rozetka.com.ua/ua/47559512/p47559512/, 1.43 кг 
 темно-сірий,,"' DVD Super Multi ', ' LAN ', ' Wi-Fi ', ' Bluetooth ', ' веб-камера '", nVidia GeForce 940MX, 2 ГБ , HDD 1 ТБ ,Ноутбук ASUS VivoBook 15 X542UQ-DM028T (90NB0FD2-M00350) Dark Grey (HAN0CV051936419) - Уцінка,27899, Windows 10 ,23511, Intel Core i7-7500U (2.7 - 3.5 ГГц) , RAM 16 ГБ ,матовий,1920x1080,"15.6""", SSD 128 ГБ ,https://rozetka.com.ua/ua/47585728/p47585728/, 2.15 кг 
 бронзовий,,"' без ОД ', ' LAN ', ' Wi-Fi ', ' Bluetooth ', ' веб-камера '", nVidia GeForce GT 940MX, 2 ГБ , HDD 1 ТБ ,Ноутбук Lenovo IdeaPad 520-15IKB (80YL00STRA) Bronze (SPF0V2617) - Уцінка,16772, Windows 10 Home ,13676, Intel Core i3-7100U (2.4 ГГц) , RAM 4 ГБ ,матовий,P,"15.6""",,https://rozetka.com.ua/ua/45241048/p45241048/, 2.2 кг 
 сріблястий,,"' DVD Super Multi ', ' LAN ', ' Wi-Fi ', ' Bluetooth ', ' веб-камера '", nVidia GeForce GTX 950M, 4 ГБ , HDD 2 ТБ ,Ноутбук HP Envy 15-ae003ur (N0K97EA) (CND5434WKG) - Уцінка,26999, Windows 8.1 64bit ,19620, Intel Core i7-5500U (2.4 ГГц) , RAM 12 ГБ ,матовий,1920x1080,"15.6""",,https://rozetka.com.ua/ua/46842520/p46842520/, 2.36 кг 
 чохол,,"' без ОД ', ' Wi-Fi ', ' Bluetooth ', ' веб-камера ', ' Windows 10 '", Intel UHD Graphics 620 ,,,Ноутбук Asus ZenBook 13 UX331UA (UX331UA-EG012T) Slate Grey (HAN0CV20653043D) - Уцінка,28843, 1.12 кг ,27323, Intel Core i5-8250U (1.6 - 3.4 ГГц) , RAM 8 ГБ ,матовий,1920x1080,"13.3""", SSD 256 ГБ ,https://rozetka.com.ua/ua/49946214/p49946214/, сірий 
,,,,, HDD 1 ТБ ,Ноутбук ASUS FX553VE-DM406 (90NB0DX7-M06150) Black Red (HBN0CV23783648C) - Уцінка,24599, RAM 8 ГБ ,22769, Intel Core i5-7300HQ (2.5 - 3.5 ГГц) , RAM 8 ГБ ,матовий,1920x1080,"15.6""",,https://rozetka.com.ua/ua/49946246/p49946246/, HDD 1 ТБ 
 чорний,,"' без ОД ', ' LAN ', ' Wi-Fi ', ' Bluetooth ', ' веб-камера '", Intel HD Graphics 620 ,,,Ноутбук Lenovo ThinkPad T570 (20H9005ART) (SR90PY30Y) - Уцінка,48583, Windows 10 Pro 64bit ,43999, Intel Core i7-7500U (2.7 - 3.5 ГГц) , RAM 16 ГБ ,матовий,P,"15.6""", SSD 512 ГБ ,https://rozetka.com.ua/ua/49946254/p49946254/, 2.04 кг 
 чорний,,"' без ОД ', ' Wi-Fi ', ' Bluetooth ', ' веб-камера '", nVidia GeForce GTX 1050, 2 ГБ ,,Ноутбук Dream Machines Clevo G1050-15 (G1050-15UA22) (BK240047) - Уцінка,29999, DOS ,25919, Intel Core i7-7700HQ (2.8 - 3.8 ГГц) , RAM 16 ГБ ,матовий,P,"15.6""", SSD 500 ГБ ,https://rozetka.com.ua/ua/47549976/p47549976/, 2.3 кг 
 2.7 кг ,,"' DVD Super Multi ', ' LAN ', ' Wi-Fi ', ' Bluetooth '", nVidia GeForce GTX 950M, 4 ГБ , HDD 1 ТБ ,Ноутбук Asus N752VX (N752VX-GB158T) (G7N0CY00U010306) - Уцінка,32118, веб-камера ,30335, Intel Core i5-6300HQ (2.3 - 3.2 ГГц) , RAM 16 ГБ ,матовий,P,"17.3""", SSD 128 ГБ ,https://rozetka.com.ua/ua/49090358/p49090358/, Windows 10 
 золотистий,,"' без ОД ', ' LAN ', ' Wi-Fi ', ' Bluetooth ', ' веб-камера '", nVidia GeForce 930MX, 2 ГБ , HDD 1 ТБ ,Ноутбук Asus Vivobook 14 X405UR (X405UR-BM030) Gold (HAN0CX052641416) - Уцінка,12499, Endless OS ,11116, Intel Pentium 4405U (2.1 ГГц) , RAM 4 ГБ ,матовий,1920x1080,"14.0""",,https://rozetka.com.ua/ua/46289952/p46289952/, 1.42 кг 
 чорний,,"' без ОД ', ' LAN ', ' Wi-Fi ', ' Bluetooth ', ' веб-камера '", nVidia GeForce GTX 1070, 8 ГБ , HDD 1 ТБ ,Ноутбук MSI GE73VR-7RF Raider 4K (GE73VR7RF-277UA) (K1710N0063112) - Уцінка,80534, Windows 10 ,60158, Intel Core i7-7700HQ (2.8 - 3.8 ГГц) , RAM 32 ГБ ,матовий,P,"17.3""", 2 x SSD 128 ГБ ,https://rozetka.com.ua/ua/43233072/p43233072/, 2.8 кг 
 темно-сірий,,"' DVD Super Multi ', ' LAN ', ' Wi-Fi ', ' Bluetooth ', ' веб-камера '", nVidia GeForce 940MX, 2 ГБ , HDD 1 ТБ ,Ноутбук Asus VivoBook 15 X542UQ (X542UQ-DM028T) Dark Grey (HAN0CV05194141C) - Уцінка,27899, Windows 10 ,21869, Intel Core i7-7500U (2.7 - 3.5 ГГц) , RAM 16 ГБ ,матовий,1920x1080,"15.6""", SSD 128 ГБ ,https://rozetka.com.ua/ua/47235808/p47235808/, 2.15 кг 
 темно-сірий,,"' DVD Super Multi ', ' LAN ', ' Wi-Fi ', ' Bluetooth ', ' веб-камера '", AMD Radeon R5 ,, HDD 1 ТБ ,Ноутбук Asus VivoBook 15 X542BA (X542BA-DM021) Dark Grey (HBN0CV05687545F) - Уцінка,12033, Endless OS ,10146, AMD Dual Core A9-9420 (3.0 - 3.6 ГГц) , RAM 8 ГБ ,матовий,1920x1080,"15.6""",,https://rozetka.com.ua/ua/46645096/p46645096/, 2.3 кг 
 сірий,,"' без ОД ', ' LAN ', ' Wi-Fi ', ' Bluetooth ', ' веб-камера '", Intel HD Graphics 620 ,, HDD 1 ТБ ,Ноутбук HP ProBook 430 G4 (Z2Y77ES) (5CD6518WSV) - Уцінка,16499, DOS ,13229, Intel Core i3-7100U (2.4 ГГц) , RAM 8 ГБ ,матовий,1920x1080,"13.3""",,https://rozetka.com.ua/ua/47214752/p47214752/, 1.49 кг 
 чорний,,"' DVD+', '-RW ', ' LAN ', ' Wi-Fi ', ' Bluetooth ', ' веб-камера '", Intel HD Graphics 520 ,, HDD 1 ТБ ,Ноутбук Dell Inspiron 3567 (I315H34H10DIW-6BK) Black (6QYB4L2) - Уцінка,11699, Windows 10 Home Ukr ,9989, Intel Core i3-6006U (2.0 ГГц) , RAM 4 ГБ ,глянсовий,1366x768,"15.6""",,https://rozetka.com.ua/ua/47628184/p47628184/, 2.3 кг 
 сірий,,"' без ОД ', ' LAN ', ' Wi-Fi ', ' Bluetooth ', ' веб-камера '", nVidia GeForce GT 940MX, 2 ГБ ,,Ноутбук Dell Vostro 14 5468 (N016VN5468EMEA01_U) (5W43Z32) - Уцінка,20508, Linux ,15469, Intel Core i5-7200U (2.5 - 3.1 ГГц) , RAM 8 ГБ ,матовий,1366x768,"14""", SSD 256 ГБ ,https://rozetka.com.ua/ua/47531152/p47531152/, 1.59 кг 
 чорний,,"' DVD Super Multi ', ' LAN ', ' Wi-Fi ', ' Bluetooth ', ' веб-камера '", Intel HD Graphics ,, HDD 500 ГБ ,Ноутбук HP 250 G4 (M9S89EA) (CND550989J) - Уцінка,13299, DOS ,10764, Intel Core i5-5200U (2.2 - 2.7 ГГц) , RAM 4 ГБ ,матовий,1366x768,"15.6""",,https://rozetka.com.ua/ua/46470072/p46470072/, 2.15 кг 
,,,,, HDD 1 ТБ ,Ноутбук Asus FX553VE (FX553VE-DM406) Black (HBN0CV23785048G) - Уцінка,24599, RAM 8 ГБ ,20700, Intel Core i5-7300HQ (2.5 - 3.5 ГГц) , RAM 8 ГБ ,матовий,1920x1080,"15.6""",,https://rozetka.com.ua/ua/47049904/p47049904/, HDD 1 ТБ 
 чорний,,"' без ОД', ' LAN', ' Wi-Fi', ' Bluetooth', ' веб-камера'", Intel UHD Graphics 620,,,Ноутбук Dell Latitude 5590 (N025L559015EMEA_UBU) Black (F72RJM2) - Уцінка,29160, Ubuntu Linux,23374, Intel Core i5-8250U (1.6 - 3.4 ГГц), RAM 8 ГБ,матовий,P,"15.6""", SSD 256 ГБ,https://rozetka.com.ua/ua/45431680/p45431680/, 1.88 кг
 чорний,,"' без ОД ', ' LAN ', ' Wi-Fi ', ' Bluetooth ', ' веб-камера '", nVidia GeForce MX150, 4 ГБ , HDD 1 ТБ ,Ноутбук Lenovo IdeaPad 320-17IKB (81BJ003JRA) Onyx Black (SPF112UBT) - Уцінка,21999, DOS ,18899, Intel Core i5-8250U (1.6 - 3.4 ГГц) , RAM 8 ГБ ,матовий,P,"17.3""", SSD 128 ГБ ,https://rozetka.com.ua/ua/46140800/p46140800/, 2.8 кг 
 сріблястий,,"' без ОД ', ' LAN ', ' Wi-Fi ', ' Bluetooth ', ' веб-камера '", nVidia GeForce 810M, 2 ГБ ,,Ноутбук Asus VivoBook Max X541NC (X541NC-DM035) Silver (H9N0GR01A124366) - Уцінка,9999, без ОС ,8459, Intel Pentium N4200 (1.1 - 2.5 ГГц) , RAM 4 ГБ ,матовий,1920x1080,"15.6""", SSD 128 ГБ ,https://rozetka.com.ua/ua/47244616/p47244616/, 2 кг 
 темно-коричневий,,"' без ОД ', ' Wi-Fi ', ' Bluetooth ', ' веб-камера '", nVidia GeForce 920MX, 2 ГБ , HDD 500 ГБ ,Ноутбук ASUS VivoBook X540UV-GQ004 (90NB0HE1-M00040) Chocolate Black (J1N0GR03L21803F) - Уцінка,11511, Endless OS ,9629, Intel Core i3-6006U (2.0 ГГц) , RAM 4 ГБ ,матовий,1366x768,"15.6""",,https://rozetka.com.ua/ua/48063846/p48063846/, 2 кг 
 сірий,,"' без ОД ', ' LAN ', ' Wi-Fi ', ' Bluetooth ', ' веб-камера '", nVidia GeForce GT 940MX, 4 ГБ ,,Ноутбук Dell Vostro 15 5568 (N037VN5568EMEA01_1801_UBU) Gray (B10DY32) - Уцінка,20599, Ubuntu Linux ,17999, Intel Core i5-7200U (2.5 - 3.1 ГГц) , RAM 8 ГБ ,матовий,1920x1080,"15.6""", SSD 256 ГБ ,https://rozetka.com.ua/ua/47252896/p47252896/, 1.98 кг 
 сріблястий,,"' DVD Super Multi ', ' LAN ', ' Wi-Fi ', ' Bluetooth ', ' веб-камера '", nVidia GeForce 920MX, 2 ГБ , HDD 1 ТБ ,Ноутбук Asus VivoBook Max X541UV (X541UV-GQ997) Silver (H8N0CX21Z398358) - Уцінка,15999, Endless OS ,13949, Intel Core i5-7200U (2.5 - 3.1 ГГц) , RAM 8 ГБ ,глянсовий,1366x768,"15.6""",,https://rozetka.com.ua/ua/47046768/p47046768/, 2 кг 
 сріблястий,,"' DVD Super Multi ', ' LAN ', ' Wi-Fi ', ' Bluetooth ', ' веб камера '", Intel HD Graphics 620 ,, HDD 500 ГБ ,Ноутбук Asus VivoBook Max X541UA (X541UA-GQ1555D) Silver (H3N0CX008237096) - Уцінка,9999, DOS ,8370, Intel Core i3-7100U (2.4 ГГц) , RAM 4 ГБ ,матовий,1366x768,"15.6""",,https://rozetka.com.ua/ua/46894304/p46894304/, 2 кг 
рожево-золотистий,,"'без ОД', 'Wi-Fi', 'Bluetooth', 'веб-камера'",nVidia GeForce MX150, 2 ГБ,,Ноутбук Asus ZenBook UX430UN (UX430UN-GV047T) Rose Gold (HBN0CV16D38347E) - Уцінка,30399,Windows 10,26099,Intel Core i5-8250U (1.6 - 3.4 ГГц),RAM 8 ГБ,матовий,1920x1080,"14.0""",,https://rozetka.com.ua/ua/47003816/p47003816/,1.3 кг
,,,,, HDD 1 ТБ ,Ноутбук Asus FX553VE (FX553VE-DM406) Black (HCN0CV003898486) - Уцінка,24599, RAM 8 ГБ ,20700, Intel Core i5-7300HQ (2.5 - 3.5 ГГц) , RAM 8 ГБ ,матовий,1920x1080,"15.6""",,https://rozetka.com.ua/ua/47101928/p47101928/, HDD 1 ТБ 
 чорний,,"' DVD Super Multi ', ' LAN ', ' Wi-Fi ', ' Bluetooth ', ' веб-камера '", Intel HD Graphics ,, HDD 500 ГБ ,Ноутбук HP 250 G4 (M9S89EA) (CND550960M) - Уцінка,13299, DOS ,10265, Intel Core i5-5200U (2.2 - 2.7 ГГц) , RAM 4 ГБ ,матовий,1366x768,"15.6""",,https://rozetka.com.ua/ua/42437592/p42437592/, 2.15 кг 
 білий,,"' DVD Super Multi ', ' LAN ', ' Wi-Fi ', ' Bluetooth ', ' веб-камера '", nVidia GeForce 940MX, 2 ГБ , HDD 1 ТБ ,Ноутбук Asus VivoBook 15 X542UQ (X542UQ-DM045) White (H9N0CV04N486362) - Уцінка,18599, Endless OS ,15840, Intel Core i5-7200U (2.5 - 3.1 ГГц) , RAM 8 ГБ ,матовий,1920x1080,"15.6""",,https://rozetka.com.ua/ua/47003120/p47003120/, 2.3 кг 
 темно-коричневий,,"' без ОД ', ' LAN ', ' Wi-Fi ', ' Bluetooth ', ' веб-камера '", nVidia GeForce 920MX, 2 ГБ ,,Ноутбук Asus VivoBook Max X541UV (X541UV-GQ989) Chocolate Black (H8N0CX21W610352) - Уцінка,13258, Endless OS ,11249, Intel Core i3-7100U (2.4 ГГц) , RAM 4 ГБ ,матовий,1366x768,"15.6""", SSD 128 ГБ ,https://rozetka.com.ua/ua/46140648/p46140648/, 2 кг 
 сріблястий,,"' без ОД ', ' Wi-Fi ', ' Bluetooth ', ' веб-камера '", nVidia GeForce GT 940MX, 2 ГБ ,,Ноутбук Lenovo IdeaPad 710S Plus-13ISK (80VU002PRA) Silver (SMP172D4C) - Уцінка,28939, Windows 10 Home ,25065, Intel Core i7-6500U (2.5 - 3.1 ГГц) , RAM 8 ГБ ,глянсовий,P,"13.3""", SSD 512 ГБ ,https://rozetka.com.ua/ua/47050144/p47050144/, 1.18 кг 
,,,,, HDD 1 ТБ ,Ноутбук Asus FX553VE (FX553VE-DM406) Black (HCN0CV00385348D) - Уцінка,24599, RAM 8 ГБ ,20700, Intel Core i5-7300HQ (2.5 - 3.5 ГГц) , RAM 8 ГБ ,матовий,1920x1080,"15.6""",,https://rozetka.com.ua/ua/47050176/p47050176/, HDD 1 ТБ 
 сірий металік ,,"' без ОД ', ' Wi-Fi ', ' Bluetooth ', ' веб-камера '", nVidia GeForce MX150, 2 ГБ ,,Ноутбук Asus ZenBook UX430UN (UX430UN-GV044T) Grey Metal (HBN0CV09M81746C) - Уцінка,30399, Windows 10 ,25764, Intel Core i5-8250U (1.6 - 3.4 ГГц) , RAM 8 ГБ ,матовий,1920x1080,"14.0""", SSD 256 ГБ ,https://rozetka.com.ua/ua/45451024/p45451024/, 1.3 кг 
 сірий,,"' без ОД ', ' LAN ', ' Wi-Fi ', ' Bluetooth ', ' веб-камера '", Intel HD Graphics 620 ,,,Ноутбук Dell Vostro 14 5468 (N017VN5468EMEA01_1801_UBU) (7L6D9H2) - Уцінка,20499, Linux ,16029, Intel Core i5-7200U (2.5 - 3.1 ГГц) , RAM 8 ГБ ,матовий,1366x768,"14""", SSD 256 ГБ ,https://rozetka.com.ua/ua/45455152/p45455152/, 1.59 кг 
 чорний,,"' без ОД ', ' LAN ', ' Wi-Fi ', ' Bluetooth ', ' веб-камера '", Intel HD Graphics 620 ,,,Ноутбук Dell Latitude 5480 (N038L548014EMEA_D) (FXGGGH2) - Уцінка,27566, DOS ,20078, Intel Core i5-7200U (2.5 - 3.1 ГГц) , RAM 8 ГБ ,матовий,1920x1080,"14.0""", SSD 256 ГБ ,https://rozetka.com.ua/ua/36392352/p36392352/, 1.6 кг 
 сірий,,"' DVD+', '-RW ', ' LAN ', ' Wi-Fi ', ' Bluetooth ', ' веб-камера '", Intel UHD 620 ,,,Ноутбук Lenovo IdeaPad V330-15IKB (81AX00ARRA) Iron Grey (SR90Q0Z5Z) - Уцінка,24173, Windows 10 Pro 64bit ,19980, Intel Core i5-8250U (1.6 - 3.4 ГГц) , RAM 8 ГБ ,покриттям,1920x1080,"15.6""", SSD 256 ГБ ,https://rozetka.com.ua/ua/47503688/p47503688/, 1.8 кг 
 темно-сірий,,"' DVD Super Multi ', ' LAN ', ' Wi-Fi ', ' Bluetooth ', ' веб-камера '", nVidia GeForce 940MX, 2 ГБ , HDD 1 ТБ ,Ноутбук Asus VivoBook 15 X542UQ (X542UQ-DM028) Dark Grey (H8N0CV01J507312) - Уцінка,23711, Endless OS ,20610, Intel Core i7-7500U (2.7 - 3.5 ГГц) , RAM 16 ГБ ,матовий,1920x1080,"15.6""", SSD 128 ГБ ,https://rozetka.com.ua/ua/47050000/p47050000/, 2.15 кг 
 сірий ,,"' без ОД ', ' Wi-Fi ', ' Bluetooth ', ' веб-камера '", nVidia GeForce MX150, 4 ГБ , HDD 1 ТБ ,Ноутбук Asus VivoBook S14 S410UN (S410UN-EB056T) Grey (HBN0GR03290746C) - Уцінка,29099, Windows 10 ,25109, Intel Core i5-8250U (1.6 - 3.4 ГГц) , RAM 12 ГБ ,матовий,1920x1080,"14.0""", SSD 256 ГБ ,https://rozetka.com.ua/ua/47549184/p47549184/, 1.43 кг 
 золотистий ,,"' без ОД ', ' LAN ', ' Wi-Fi ', ' Bluetooth ', ' веб-камера '", nVidia GeForce GTX 1050, 4 ГБ , HDD 1 ТБ ,Ноутбук Asus Vivobook Pro N580VD (N580VD-FY440) Gold (J1N0CV01J396017) - Уцінка,29599, Endless OS ,26099, Intel Core i5-7300HQ (2.5 - 3.5 ГГц) , RAM 8 ГБ ,матовий,P,"15.6""", SSD 128 ГБ ,https://rozetka.com.ua/ua/47070536/p47070536/, 2.2 кг 
 червоний,,"' DVD Super Multi ', ' LAN ', ' Wi-Fi ', ' Bluetooth ', ' веб-камера '", nVidia GeForce 940MX, 2 ГБ , HDD 1 ТБ ,Ноутбук Asus VivoBook 15 X542UQ (X542UQ-DM038) Red (H9N0CV054068366) - Уцінка,18899, без ОС ,16058, Intel Core i5-7200U (2.5 - 3.1 ГГц) , RAM 8 ГБ ,матовий,1920x1080,"15.6""",,https://rozetka.com.ua/ua/46454208/p46454208/, 2.15 кг 
 без клавіатури,,"' без ОД ', ' Wi-Fi ', ' Bluetooth ', ' веб-камера ', ' Windows 10 Professional 64bit '", Intel HD Graphics 520 ,,,Ноутбук Asus Transformer 3 Pro T303UA (T303UA-GN063R) Grey (H1N0CY00402201E) - Уцінка,29699, 1.1 кг ,21916, Intel Core i7-6500U (2.5 - 3.1 ГГц) , RAM 8 ГБ ,глянсовий,P,"12.6""", SSD 256 ГБ ,https://rozetka.com.ua/ua/39767952/p39767952/, сірий 
 синій ,,"' без ОД ', ' Wi-Fi ', ' Bluetooth ', ' веб-камера '", nVidia GeForce MX150, 2 ГБ ,,Ноутбук Asus ZenBook UX430UN (UX430UN-GV045T) Blue Metal (HBN0CV01582144D) - Уцінка,29966, Windows 10 ,25560, Intel Core i5-8250U (1.6 - 3.4 ГГц) , RAM 8 ГБ ,матовий,1920x1080,"14.0""", SSD 256 ГБ ,https://rozetka.com.ua/ua/46884832/p46884832/, 1.3 кг 
 чорний,,"' без ОД ', ' LAN ', ' Wi-Fi ', ' Bluetooth ', ' веб-камера '", AMD Radeon 520, 2 ГБ , HDD 500 ГБ ,Ноутбук HP 250 G6 (2EV79ES) Dark Ash (CND750261T) - Уцінка,14599, Windows 10 Home 64bit ,11293, Intel Core i3-6006U (2.0 ГГц) , RAM 4 ГБ ,матовий,1920x1080,"15.6""",,https://rozetka.com.ua/ua/46584648/p46584648/, 1.86 кг 
 чорний,,"' без ОД ', ' LAN ', ' Wi-Fi ', ' Bluetooth ', ' веб-камера '", Intel HD Graphics 620 ,, HDD 1 ТБ ,Ноутбук HP 250 G6 (2RR96ES) Dark Ash (CND73240FV) - Уцінка,14999, DOS ,12869, Intel Core i5 7200U (2.5 - 3.1 ГГц) , RAM 8 ГБ ,матовий,1366x768,"15.6""",,https://rozetka.com.ua/ua/47257048/p47257048/, 1.86 кг 
 сріблястий,,"' DVD Super Multi ', ' LAN ', ' Wi-Fi ', ' Bluetooth ', ' веб-камера '", nVidia GeForce GTX 950M, 4 ГБ , HDD 2 ТБ ,Ноутбук HP Envy 15-ae003ur (N0K97EA) (CND5434WKD) - Уцінка,26999, Windows 8.1 64bit ,21415, Intel Core i7-5500U (2.4 ГГц) , RAM 12 ГБ ,матовий,1920x1080,"15.6""",,https://rozetka.com.ua/ua/43177872/p43177872/, 2.36 кг 
 чорний,,"' без ОД ', ' LAN ', ' Wi-Fi ', ' Bluetooth ', ' веб-камера '", AMD Radeon 520, 2 ГБ ,,Ноутбук HP 250 G6 (2RR92ES) Dark Ash (CND7323ZBS) - Уцінка,18563, DOS ,14329, Intel i5-7200U (2.5 - 3.1 ГГц) , RAM 8 ГБ ,матовий,1920x1080,"15.6""", SSD 256 ГБ ,https://rozetka.com.ua/ua/45516608/p45516608/, 1.86 кг 
 темно-сірий,,"' DVD Super Multi ', ' LAN ', ' Wi-Fi ', ' Bluetooth ', ' веб-камера '", nVidia GeForce MX150, 4 ГБ , HDD 1 ТБ ,Ноутбук Asus VivoBook 15 X542UN (X542UN-DM041) Dark Grey (HBN0CV07Z602458) - Уцінка,26965, Endless OS ,23175, Intel Core i7-8550U (1.8 - 4.0 ГГц) , RAM 16 ГБ ,матовий,1920x1080,"15.6""", SSD 128 ГБ ,https://rozetka.com.ua/ua/46893936/p46893936/, 2.3 кг 
 сірий,,"' без ОД ', ' LAN ', ' Wi-Fi ', ' Bluetooth ', ' веб-камера '", nVidia GeForce 940MX, 2 ГБ , HDD 500 ГБ ,Ноутбук Acer Aspire 5 A515-51G (NX.GPDEU.031) Steel Gray (NXGPDEU031738055B93400) - Уцінка,14499, Linux ,12528, Intel Core i3-6006U (2.0 ГГц) , RAM 4 ГБ ,матовий,1920x1080,"15.6""", SSD 128 ГБ ,https://rozetka.com.ua/ua/45586776/p45586776/, 2.1 кг 
 сріблястий,,"' без ОД ', ' LAN ', ' Wi-Fi ', ' Bluetooth ', ' веб-камера '", nVidia GeForce 930MX, 2 ГБ , HDD 1 ТБ ,Ноутбук HP ProBook 450 G5 (1LU52AV_V1) (5CD7506ZH7) - Уцінка,25232, DOS ,20473, Intel Core i7-8550U (1.8 - 4.0 ГГц) , RAM 8 ГБ ,матовий,1920х1080,"15.6""",,https://rozetka.com.ua/ua/43365496/p43365496/, 2.1 кг 
 сірий,,"' без ОД ', ' LAN ', ' Wi-Fi ', ' Bluetooth ', ' веб-камера '", nVidia GeForce GT 940MX, 2 ГБ , HDD 1 ТБ ,Ноутбук Dell Vostro 14 5468 (N020VN5468EMEA01_1801_U) (322N4H2) - Уцінка,19164, Linux ,15882, Intel Core i5-7200U (2.5 - 3.1 ГГц) , RAM 4 ГБ ,матовий,1366x768,"14""",,https://rozetka.com.ua/ua/45446192/p45446192/, 1.59 кг 
 сірий,,"' без ОД ', ' LAN ', ' Wi-Fi ', ' Bluetooth ', ' веб-камера '", nVidia GeForce GT 940MX, 2 ГБ ,,Ноутбук Dell Vostro 14 5468 (N016VN5468EMEA01_U) (2Z43Z32) - Уцінка,20508, Linux ,17117, Intel Core i5-7200U (2.5 - 3.1 ГГц) , RAM 8 ГБ ,матовий,1366x768,"14""", SSD 256 ГБ ,https://rozetka.com.ua/ua/45499760/p45499760/, 1.59 кг 
 чорний,,"' без ОД ', ' LAN ', ' Wi-Fi ', ' Bluetooth ', ' веб-камера '", nVIDIA GeForce GT 940MX, 2 ГБ ,,Ноутбук Lenovo ThinkPad T470p (20J6001KRT) (SPF1159TN) - Уцінка,51480, Windows 10 Pro ,46411, Intel Core i7-7700HQ (2.8 - 3.8 ГГц) , RAM 16 ГБ ,матовий,P,"14""", SSD 512 ГБ ,https://rozetka.com.ua/ua/46289768/p46289768/, 1.96 кг 
 чорний,,"' DVD Super Multi ', ' LAN ', ' Wi-Fi ', ' Bluetooth ', ' веб-камера '", Intel HD Graphics ,, HDD 500 ГБ ,Ноутбук HP 250 G4 (M9S89EA) (CND5509892) - Уцінка,13299, DOS ,10985, Intel Core i5-5200U (2.2 - 2.7 ГГц) , RAM 4 ГБ ,матовий,1366x768,"15.6""",,https://rozetka.com.ua/ua/46241016/p46241016/, 2.15 кг 
 синій ,,"' без ОД ', ' Wi-Fi ', ' Bluetooth ', ' веб-камера '", nVidia GeForce MX150, 2 ГБ ,,Ноутбук Asus ZenBook UX430UN (UX430UN-GV045T) Blue Metal (HBN0CV084262456) - Уцінка,29966, Windows 10 ,25851, Intel Core i5-8250U (1.6 - 3.4 ГГц) , RAM 8 ГБ ,матовий,1920x1080,"14.0""", SSD 256 ГБ ,https://rozetka.com.ua/ua/43452208/p43452208/, 1.3 кг 
 сірий,,"' без ОД ', ' LAN ', ' Wi-Fi ', ' Bluetooth ', ' веб-камера '", Intel HD Graphics 620 ,, HDD 1 ТБ ,Ноутбук HP ProBook 430 G5 (1LR32AV_V4) Silver (5CD7503MDW) - Уцінка,19391, DOS ,16179, Intel Core i3-7100U (2.4 ГГц) , RAM 8 ГБ ,матовий,1920x1080,"13.3""", SSD 128 ГБ ,https://rozetka.com.ua/ua/45587536/p45587536/, 1.49 кг 
 сірий,,"' без ОД ', ' LAN ', ' Wi-Fi ', ' Bluetooth ', ' веб-камера '", Intel HD Graphics 620 ,,,Ноутбук Dell Vostro 15 5568 (N021VN5568EMEA01_H) Gray (J6G5Z32) - Уцінка,21647, Windows 10 ,17911, Intel Core i5-7200U (2.5 - 3.1 ГГц) , RAM 8 ГБ ,матовий,1920x1080,"15.6""", SSD 256 ГБ ,https://rozetka.com.ua/ua/45397928/p45397928/, 1.98 кг 
 сірий,,"' без ОД ', ' LAN ', ' Wi-Fi ', ' Bluetooth ', ' веб-камера '", nVidia GeForce 940MX, 4 ГБ ,,Ноутбук Dell Vostro 14 5468 (N016VN5468EMEA01_1801_UBU) (J53BZL2) - Уцінка,22999, Linux ,18311, Intel Core i5-7200U (2.5 - 3.1 ГГц) , RAM 8 ГБ ,матовий,1366x768,"14""", SSD 256 ГБ ,https://rozetka.com.ua/ua/45465384/p45465384/, 1.59 кг 
 чорний,,"' DVD Super Multi ', ' LAN ', ' Wi-Fi ', ' Bluetooth ', ' веб-камера '", Intel HD Graphics ,, HDD 500 ГБ ,Ноутбук HP 250 G4 (M9S89EA) (CND5509740) - Уцінка,13299, DOS ,11028, Intel Core i5-5200U (2.2 - 2.7 ГГц) , RAM 4 ГБ ,матовий,1366x768,"15.6""",,https://rozetka.com.ua/ua/45917000/p45917000/, 2.15 кг 
 сірий ,,"' без ОД ', ' Wi-Fi ', ' Bluetooth ', ' веб-камера '", Intel UHD Graphics 620 ,, HDD 1 ТБ ,Ноутбук Asus VivoBook S14 S410UA (S410UA-EB106T) Grey (HAN0GR00Z933416) - Уцінка,29499, Windows 10 ,25200, Intel Core i5-8250U (1.6 - 3.4 ГГц) , RAM 12 ГБ ,матовий,1920x1080,"14.0""", SSD 256 ГБ ,https://rozetka.com.ua/ua/46909304/p46909304/, 1.43 кг 
 сірий,,"' без ОД ', ' LAN ', ' Wi-Fi ', ' Bluetooth ', ' веб-камера '", Intel HD Graphics 620 ,, HDD 1 ТБ ,Ноутбук HP ProBook 430 G5 (1LR32AV_V4) Silver (5CD7503MDS) - Уцінка,19391, DOS ,16179, Intel Core i3-7100U (2.4 ГГц) , RAM 8 ГБ ,матовий,1920x1080,"13.3""", SSD 128 ГБ ,https://rozetka.com.ua/ua/45609448/p45609448/, 1.49 кг 
